[{"model": "template.patientstate", "pk": 1, "fields": {"code": 1004, "state_id": 101, "transition": 34, "vital_signs": "{\"Airway\": \"freie Atemwege\", \"Breathing\": \"Atemfreq: 13 /min\\nSpO2: 98 %\\nnormales AG h\\u00f6rbar\", \"Circulation\": \"Herzfreq: 72 /min\\nperipher tastbar\\nRR: 125.063\", \"Bewusstsein\": \"wach, orientiert\", \"Pupillen\": \"mittelweit\", \"Psyche\": \"unauff\\u00e4llig\", \"Haut\": \"trocken\\nrosig\"}", "examination_codes": "{\"BGA-Oxy\": 612, \"BGA-SBH\": 656, \"Hb\": 423, \"BZ\": 906, \"Gerinnung\": 104, \"Leber\": 117, \"Niere\": 126, \"Infarkt\": 135, \"Lactat\": 345, \"R\\u00f6-Extremit\\u00e4ten\": 617, \"R\\u00f6-Thorax\": 418, \"Trauma-CT\": 242, \"Ultraschall\": 615, \"EKG\": 722, \"ZVD\": 812}", "special_events": "Pat. hat keine Schmerzen", "is_dead": false}}, {"model": "template.patientstate", "pk": 2, "fields": {"code": 1004, "state_id": 102, "transition": 33, "vital_signs": "{\"Airway\": \"freie Atemwege\", \"Breathing\": \"Atemfreq: 15 /min\\nSpO2: 99 %\\nnormales AG h\\u00f6rbar\", \"Circulation\": \"Herzfreq: 76 /min\\nperipher kr\\u00e4ftig tastbar\\nRR: 131.067\", \"Bewusstsein\": \"wach, orientiert\", \"Pupillen\": \"mittelweit\", \"Psyche\": \"unauff\\u00e4llig\", \"Haut\": \"trocken\\nrosig\"}", "examination_codes": "{\"BGA-Oxy\": 612, \"BGA-SBH\": 656, \"Hb\": 423, \"BZ\": 912, \"Gerinnung\": 104, \"Leber\": 117, \"Niere\": 126, \"Infarkt\": 135, \"Lactat\": 345, \"R\\u00f6-Extremit\\u00e4ten\": 617, \"R\\u00f6-Thorax\": 418, \"Trauma-CT\": 242, \"Ultraschall\": 615, \"EKG\": 722, \"ZVD\": 820}", "special_events": "Pat. hat keine Schmerzen", "is_dead": false}}, {"model": "template.patientstate", "pk": 3, "fields": {"code": 1004, "state_id": 103, "transition": 32, "vital_signs": "{\"Airway\": \"freie Atemwege\", \"Breathing\": \"Atemfreq: 13 /min\\nSpO2: 98 %\\nnormales AG h\\u00f6rbar\", \"Circulation\": \"Herzfreq: 72 /min\\nperipher tastbar\\nRR: 126.064\", \"Bewusstsein\": \"wach, orientiert\", \"Pupillen\": \"mittelweit\", \"Psyche\": \"unauff\\u00e4llig\", \"Haut\": \"trocken\\nrosig\"}", "examination_codes": "{\"BGA-Oxy\": 612, \"BGA-SBH\": 656, \"Hb\": 423, \"BZ\": 906, \"Gerinnung\": 104, \"Leber\": 117, \"Niere\": 126, \"Infarkt\": 135, \"Lactat\": 345, \"R\\u00f6-Extremit\\u00e4ten\": 617, \"R\\u00f6-Thorax\": 418, \"Trauma-CT\": 242, \"Ultraschall\": 615, \"EKG\": 722, \"ZVD\": 812}", "special_events": "Pat. hat keine Schmerzen", "is_dead": false}}, {"model": "template.patientstate", "pk": 4, "fields": {"code": 1004, "state_id": 104, "transition": 27, "vital_signs": "{\"Airway\": \"freie Atemwege\", \"Breathing\": \"Atemfreq: 27 /min\\nSpO2: 100 %\\nnormales AG h\\u00f6rbar\", \"Circulation\": \"Herzfreq: 88 /min\\nperipher kr\\u00e4ftig tastbar\\nRR: 153.080\", \"Bewusstsein\": \"wach, orientiert\", \"Pupillen\": \"mittelweit\", \"Psyche\": \"sehr aufgeregt\", \"Haut\": \"trocken\\nrosig\"}", "examination_codes": "{\"BGA-Oxy\": 612, \"BGA-SBH\": 656, \"Hb\": 423, \"BZ\": 912, \"Gerinnung\": 104, \"Leber\": 117, \"Niere\": 126, \"Infarkt\": 135, \"Lactat\": 345, \"R\\u00f6-Extremit\\u00e4ten\": 617, \"R\\u00f6-Thorax\": 418, \"Trauma-CT\": 242, \"Ultraschall\": 615, \"EKG\": 722, \"ZVD\": 820}", "special_events": "Pat. hat keine Schmerzen", "is_dead": false}}, {"model": "template.patientstate", "pk": 5, "fields": {"code": 1004, "state_id": 234, "transition": 22, "vital_signs": "{\"Airway\": \"freie Atemwege\", \"Breathing\": \"Atemfreq: 16 /min\\nSpO2: 100 %\\nflache Atmung\\nnormales AG h\\u00f6rbar\", \"Circulation\": \"Herzfreq: 76 /min\\nperipher kr\\u00e4ftig tastbar\\nRR: 136.066\", \"Bewusstsein\": \"wach, orientiert\", \"Pupillen\": \"mittelweit\", \"Psyche\": \"unauff\\u00e4llig\", \"Haut\": \"trocken\\nrosig\"}", "examination_codes": "{\"BGA-Oxy\": 612, \"BGA-SBH\": 656, \"Hb\": 423, \"BZ\": 926, \"Gerinnung\": 104, \"Leber\": 117, \"Niere\": 126, \"Infarkt\": 135, \"Lactat\": 345, \"R\\u00f6-Extremit\\u00e4ten\": 617, \"R\\u00f6-Thorax\": 418, \"Trauma-CT\": 242, \"Ultraschall\": 615, \"EKG\": 722, \"ZVD\": 820}", "special_events": "Pat. hat keine Schmerzen", "is_dead": false}}, {"model": "template.patientstate", "pk": 6, "fields": {"code": 1004, "state_id": 235, "transition": 17, "vital_signs": "{\"Airway\": \"freie Atemwege\", \"Breathing\": \"Atemfreq: 13 /min\\nSpO2: 100 %\\nflache Atmung\\nnormales AG h\\u00f6rbar\", \"Circulation\": \"Herzfreq: 74 /min\\nperipher tastbar\\nRR: 129.060\", \"Bewusstsein\": \"wach, orientiert\", \"Pupillen\": \"mittelweit\", \"Psyche\": \"unauff\\u00e4llig\", \"Haut\": \"trocken\\nrosig\"}", "examination_codes": "{\"BGA-Oxy\": 612, \"BGA-SBH\": 656, \"Hb\": 423, \"BZ\": 912, \"Gerinnung\": 104, \"Leber\": 117, \"Niere\": 126, \"Infarkt\": 135, \"Lactat\": 345, \"R\\u00f6-Extremit\\u00e4ten\": 617, \"R\\u00f6-Thorax\": 418, \"Trauma-CT\": 242, \"Ultraschall\": 615, \"EKG\": 722, \"ZVD\": 812}", "special_events": "Pat. hat keine Schmerzen", "is_dead": false}}, {"model": "template.patientstate", "pk": 7, "fields": {"code": 1004, "state_id": 236, "transition": 12, "vital_signs": "{\"Airway\": \"freie Atemwege\", \"Breathing\": \"Atemfreq: 15 /min\\nSpO2: 100 %\\nflache Atmung\\nnormales AG h\\u00f6rbar\", \"Circulation\": \"Herzfreq: 79 /min\\nperipher kr\\u00e4ftig tastbar\\nRR: 133.061\", \"Bewusstsein\": \"wach, orientiert\", \"Pupillen\": \"mittelweit\", \"Psyche\": \"verlangsamt\", \"Haut\": \"trocken\\nrosig\"}", "examination_codes": "{\"BGA-Oxy\": 612, \"BGA-SBH\": 656, \"Hb\": 423, \"BZ\": 926, \"Gerinnung\": 104, \"Leber\": 117, \"Niere\": 126, \"Infarkt\": 135, \"Lactat\": 345, \"R\\u00f6-Extremit\\u00e4ten\": 617, \"R\\u00f6-Thorax\": 418, \"Trauma-CT\": 242, \"Ultraschall\": 615, \"EKG\": 722, \"ZVD\": 820}", "special_events": "Pat. hat keine Schmerzen", "is_dead": false}}, {"model": "template.patientstate", "pk": 8, "fields": {"code": 1004, "state_id": 237, "transition": 7, "vital_signs": "{\"Airway\": \"freie Atemwege\", \"Breathing\": \"Atemfreq: 12 /min\\nSpO2: 100 %\\nflache Atmung\\nnormales AG h\\u00f6rbar\", \"Circulation\": \"Herzfreq: 77 /min\\nperipher tastbar\\nRR: 126.055\", \"Bewusstsein\": \"wach, orientiert\", \"Pupillen\": \"mittelweit\", \"Psyche\": \"verlangsamt\", \"Haut\": \"trocken\\nrosig\"}", "examination_codes": "{\"BGA-Oxy\": 612, \"BGA-SBH\": 656, \"Hb\": 423, \"BZ\": 912, \"Gerinnung\": 104, \"Leber\": 117, \"Niere\": 126, \"Infarkt\": 135, \"Lactat\": 345, \"R\\u00f6-Extremit\\u00e4ten\": 617, \"R\\u00f6-Thorax\": 418, \"Trauma-CT\": 242, \"Ultraschall\": 615, \"EKG\": 722, \"ZVD\": 812}", "special_events": "Pat. hat keine Schmerzen", "is_dead": false}}, {"model": "template.patientstate", "pk": 9, "fields": {"code": 1004, "state_id": 238, "transition": 2, "vital_signs": "{\"Airway\": \"freie Atemwege\", \"Breathing\": \"Atemfreq: 14 /min\\nSpO2: 100 %\\nflache Atmung\\nnormales AG h\\u00f6rbar\", \"Circulation\": \"Herzfreq: 83 /min\\nperipher kr\\u00e4ftig tastbar\\nRR: 130.056\", \"Bewusstsein\": \"wach, orientiert\", \"Pupillen\": \"mittelweit\", \"Psyche\": \"teilnahmslos\", \"Haut\": \"trocken\\nrosig\"}", "examination_codes": "{\"BGA-Oxy\": 612, \"BGA-SBH\": 656, \"Hb\": 423, \"BZ\": 919, \"Gerinnung\": 104, \"Leber\": 117, \"Niere\": 126, \"Infarkt\": 135, \"Lactat\": 345, \"R\\u00f6-Extremit\\u00e4ten\": 617, \"R\\u00f6-Thorax\": 418, \"Trauma-CT\": 242, \"Ultraschall\": 615, \"EKG\": 722, \"ZVD\": 801}", "special_events": "Pat. hat keine Schmerzen", "is_dead": false}}, {"model": "template.patientstate", "pk": 10, "fields": {"code": 1004, "state_id": 239, "transition": 1, "vital_signs": "{\"Airway\": \"freie Atemwege\", \"Breathing\": \"Atemfreq: 12 /min\\nSpO2: 100 %\\nflache Atmung\\nnormales AG h\\u00f6rbar\", \"Circulation\": \"Herzfreq: 81 /min\\nperipher tastbar\\nRR: 123.050\", \"Bewusstsein\": \"wach, orientiert\", \"Pupillen\": \"mittelweit\", \"Psyche\": \"teilnahmslos\", \"Haut\": \"trocken\\nrosig\\n\"}", "examination_codes": "{\"BGA-Oxy\": 612, \"BGA-SBH\": 656, \"Hb\": 423, \"BZ\": 912, \"Gerinnung\": 104, \"Leber\": 117, \"Niere\": 126, \"Infarkt\": 135, \"Lactat\": 345, \"R\\u00f6-Extremit\\u00e4ten\": 617, \"R\\u00f6-Thorax\": 418, \"Trauma-CT\": 242, \"Ultraschall\": 615, \"EKG\": 722, \"ZVD\": 824}", "special_events": "Pat. hat keine Schmerzen", "is_dead": false}}, {"model": "template.patientstate", "pk": 11, "fields": {"code": 1004, "state_id": 279, "transition": 1, "vital_signs": "{\"Airway\": \"freie Atemwege\", \"Breathing\": \"Atemfreq: 26 /min\\nSpO2: 98 %\\nnormales AG h\\u00f6rbar\", \"Circulation\": \"Herzfreq: 72 /min\\nperipher kr\\u00e4ftig tastbar\\nRR: 165.096\", \"Bewusstsein\": \"wach, orientiert\", \"Pupillen\": \"mittelweit\", \"Psyche\": \"hysterisch\", \"Haut\": \"trocken\\nrosig\\n\"}", "examination_codes": "{\"BGA-Oxy\": 612, \"BGA-SBH\": 656, \"Hb\": 423, \"BZ\": 912, \"Gerinnung\": 104, \"Leber\": 117, \"Niere\": 126, \"Infarkt\": 135, \"Lactat\": 345, \"R\\u00f6-Extremit\\u00e4ten\": 617, \"R\\u00f6-Thorax\": 418, \"Trauma-CT\": 242, \"Ultraschall\": 615, \"EKG\": 722, \"ZVD\": 836}", "special_events": "Pat. hat keine Schmerzen", "is_dead": false}}, {"model": "template.patientstate", "pk": 12, "fields": {"code": 1004, "state_id": 319, "transition": 1, "vital_signs": "{\"Airway\": \"freie Atemwege\", \"Breathing\": \"Atemfreq: 13 /min\\nSpO2: 100 %\\nnormales AG h\\u00f6rbar\", \"Circulation\": \"Herzfreq: 83 /min\\nperipher tastbar\\nRR: 124.055\", \"Bewusstsein\": \"wach, orientiert\", \"Pupillen\": \"mittelweit\", \"Psyche\": \"teilnahmslos\", \"Haut\": \"trocken\\nrosig\\n\"}", "examination_codes": "{\"BGA-Oxy\": 612, \"BGA-SBH\": 656, \"Hb\": 423, \"BZ\": 912, \"Gerinnung\": 104, \"Leber\": 117, \"Niere\": 126, \"Infarkt\": 135, \"Lactat\": 345, \"R\\u00f6-Extremit\\u00e4ten\": 617, \"R\\u00f6-Thorax\": 418, \"Trauma-CT\": 242, \"Ultraschall\": 615, \"EKG\": 722, \"ZVD\": 824}", "special_events": "Pat. hat keine Schmerzen", "is_dead": false}}, {"model": "template.patientstate", "pk": 13, "fields": {"code": 1004, "state_id": 359, "transition": 1, "vital_signs": "{\"Airway\": \"freie Atemwege\", \"Breathing\": \"Atemfreq: 27 /min\\nSpO2: 93 %\\nnormales AG h\\u00f6rbar\", \"Circulation\": \"Herzfreq: 72 /min\\nperipher kr\\u00e4ftig tastbar\\nRR: 166.101\", \"Bewusstsein\": \"wach, orientiert\", \"Pupillen\": \"mittelweit\", \"Psyche\": \"hysterisch\", \"Haut\": \"trocken\\nleichte Zyanose\\n\"}", "examination_codes": "{\"BGA-Oxy\": 608, \"BGA-SBH\": 656, \"Hb\": 423, \"BZ\": 912, \"Gerinnung\": 104, \"Leber\": 117, \"Niere\": 126, \"Infarkt\": 135, \"Lactat\": 345, \"R\\u00f6-Extremit\\u00e4ten\": 617, \"R\\u00f6-Thorax\": 418, \"Trauma-CT\": 242, \"Ultraschall\": 615, \"EKG\": 722, \"ZVD\": 836}", "special_events": "Pat. klagt ├╝ber leichte Atemnot\nPat. hat keine Schmerzen", "is_dead": false}}, {"model": "template.patientstate", "pk": 14, "fields": {"code": 1004, "state_id": 719, "transition": 1, "vital_signs": "{\"Airway\": \"k\\u00fcnstlicher Atemweg\", \"Breathing\": \"Atemfreq: 15 /min\\nSpO2: 100 %\\nBeatmung\\nnormales AG h\\u00f6rbar\", \"Circulation\": \"Herzfreq: 71 /min\\nperipher kr\\u00e4ftig tastbar\\nRR: 130.068\", \"Bewusstsein\": \"narkotisiert\", \"Pupillen\": \"mittelweit\", \"Psyche\": \"\", \"Haut\": \"trocken\\nrosig\\n\"}", "examination_codes": "{\"BGA-Oxy\": 612, \"BGA-SBH\": 656, \"Hb\": 423, \"BZ\": 912, \"Gerinnung\": 104, \"Leber\": 117, \"Niere\": 126, \"Infarkt\": 135, \"Lactat\": 345, \"R\\u00f6-Extremit\\u00e4ten\": 617, \"R\\u00f6-Thorax\": 418, \"Trauma-CT\": 242, \"Ultraschall\": 615, \"EKG\": 722, \"ZVD\": 801}", "special_events": "", "is_dead": false}}, {"model": "template.patientstate", "pk": 15, "fields": {"code": 1004, "state_id": 278, "transition": 2, "vital_signs": "{\"Airway\": \"freie Atemwege\", \"Breathing\": \"Atemfreq: 28 /min\\nSpO2: 100 %\\nnormales AG h\\u00f6rbar\", \"Circulation\": \"Herzfreq: 78 /min\\nperipher kr\\u00e4ftig tastbar\\nRR: 168.096\", \"Bewusstsein\": \"wach, orientiert\", \"Pupillen\": \"mittelweit\", \"Psyche\": \"hysterisch\", \"Haut\": \"trocken\\nrosig\"}", "examination_codes": "{\"BGA-Oxy\": 612, \"BGA-SBH\": 656, \"Hb\": 423, \"BZ\": 919, \"Gerinnung\": 104, \"Leber\": 117, \"Niere\": 126, \"Infarkt\": 135, \"Lactat\": 345, \"R\\u00f6-Extremit\\u00e4ten\": 617, \"R\\u00f6-Thorax\": 418, \"Trauma-CT\": 242, \"Ultraschall\": 615, \"EKG\": 722, \"ZVD\": 812}", "special_events": "Pat. hat keine Schmerzen", "is_dead": false}}, {"model": "template.patientstate", "pk": 16, "fields": {"code": 1004, "state_id": 318, "transition": 2, "vital_signs": "{\"Airway\": \"freie Atemwege\", \"Breathing\": \"Atemfreq: 15 /min\\nSpO2: 100 %\\nnormales AG h\\u00f6rbar\", \"Circulation\": \"Herzfreq: 85 /min\\nperipher kr\\u00e4ftig tastbar\\nRR: 131.061\", \"Bewusstsein\": \"wach, orientiert\", \"Pupillen\": \"mittelweit\", \"Psyche\": \"teilnahmslos\", \"Haut\": \"trocken\\nrosig\"}", "examination_codes": "{\"BGA-Oxy\": 612, \"BGA-SBH\": 656, \"Hb\": 423, \"BZ\": 919, \"Gerinnung\": 104, \"Leber\": 117, \"Niere\": 126, \"Infarkt\": 135, \"Lactat\": 345, \"R\\u00f6-Extremit\\u00e4ten\": 617, \"R\\u00f6-Thorax\": 418, \"Trauma-CT\": 242, \"Ultraschall\": 615, \"EKG\": 722, \"ZVD\": 801}", "special_events": "Pat. hat keine Schmerzen", "is_dead": false}}, {"model": "template.patientstate", "pk": 17, "fields": {"code": 1004, "state_id": 358, "transition": 2, "vital_signs": "{\"Airway\": \"freie Atemwege\", \"Breathing\": \"Atemfreq: 29 /min\\nSpO2: 95 %\\nnormales AG h\\u00f6rbar\", \"Circulation\": \"Herzfreq: 78 /min\\nperipher kr\\u00e4ftig tastbar\\nRR: 169.101\", \"Bewusstsein\": \"wach, orientiert\", \"Pupillen\": \"mittelweit\", \"Psyche\": \"hysterisch\", \"Haut\": \"trocken\\nrosig\"}", "examination_codes": "{\"BGA-Oxy\": 612, \"BGA-SBH\": 656, \"Hb\": 423, \"BZ\": 919, \"Gerinnung\": 104, \"Leber\": 117, \"Niere\": 126, \"Infarkt\": 135, \"Lactat\": 345, \"R\\u00f6-Extremit\\u00e4ten\": 617, \"R\\u00f6-Thorax\": 418, \"Trauma-CT\": 242, \"Ultraschall\": 615, \"EKG\": 722, \"ZVD\": 812}", "special_events": "Pat. hat keine Schmerzen", "is_dead": false}}, {"model": "template.patientstate", "pk": 18, "fields": {"code": 1004, "state_id": 718, "transition": 6, "vital_signs": "{\"Airway\": \"k\\u00fcnstlicher Atemweg\", \"Breathing\": \"Atemfreq: 15 /min\\nSpO2: 100 %\\nBeatmung\\nnormales AG h\\u00f6rbar\", \"Circulation\": \"Herzfreq: 75 /min\\nperipher kr\\u00e4ftig tastbar\\nRR: 135.071\", \"Bewusstsein\": \"narkotisiert\", \"Pupillen\": \"mittelweit\", \"Psyche\": \"\", \"Haut\": \"trocken\\nrosig\"}", "examination_codes": "{\"BGA-Oxy\": 612, \"BGA-SBH\": 656, \"Hb\": 423, \"BZ\": 919, \"Gerinnung\": 104, \"Leber\": 117, \"Niere\": 126, \"Infarkt\": 135, \"Lactat\": 345, \"R\\u00f6-Extremit\\u00e4ten\": 617, \"R\\u00f6-Thorax\": 418, \"Trauma-CT\": 242, \"Ultraschall\": 615, \"EKG\": 722, \"ZVD\": 803}", "special_events": "", "is_dead": false}}, {"model": "template.patientstate", "pk": 19, "fields": {"code": 1004, "state_id": 277, "transition": 7, "vital_signs": "{\"Airway\": \"freie Atemwege\", \"Breathing\": \"Atemfreq: 26 /min\\nSpO2: 100 %\\nnormales AG h\\u00f6rbar\", \"Circulation\": \"Herzfreq: 75 /min\\nperipher kr\\u00e4ftig tastbar\\nRR: 160.089\", \"Bewusstsein\": \"wach, orientiert\", \"Pupillen\": \"mittelweit\", \"Psyche\": \"hysterisch\", \"Haut\": \"trocken\\nrosig\"}", "examination_codes": "{\"BGA-Oxy\": 612, \"BGA-SBH\": 656, \"Hb\": 423, \"BZ\": 912, \"Gerinnung\": 104, \"Leber\": 117, \"Niere\": 126, \"Infarkt\": 135, \"Lactat\": 345, \"R\\u00f6-Extremit\\u00e4ten\": 617, \"R\\u00f6-Thorax\": 418, \"Trauma-CT\": 242, \"Ultraschall\": 615, \"EKG\": 722, \"ZVD\": 833}", "special_events": "Pat. hat keine Schmerzen", "is_dead": false}}, {"model": "template.patientstate", "pk": 20, "fields": {"code": 1004, "state_id": 317, "transition": 7, "vital_signs": "{\"Airway\": \"freie Atemwege\", \"Breathing\": \"Atemfreq: 13 /min\\nSpO2: 100 %\\nnormales AG h\\u00f6rbar\", \"Circulation\": \"Herzfreq: 79 /min\\nperipher tastbar\\nRR: 127.060\", \"Bewusstsein\": \"wach, orientiert\", \"Pupillen\": \"mittelweit\", \"Psyche\": \"verlangsamt\", \"Haut\": \"trocken\\nrosig\"}", "examination_codes": "{\"BGA-Oxy\": 612, \"BGA-SBH\": 656, \"Hb\": 423, \"BZ\": 912, \"Gerinnung\": 104, \"Leber\": 117, \"Niere\": 126, \"Infarkt\": 135, \"Lactat\": 345, \"R\\u00f6-Extremit\\u00e4ten\": 617, \"R\\u00f6-Thorax\": 418, \"Trauma-CT\": 242, \"Ultraschall\": 615, \"EKG\": 722, \"ZVD\": 812}", "special_events": "Pat. hat keine Schmerzen", "is_dead": false}}, {"model": "template.patientstate", "pk": 21, "fields": {"code": 1004, "state_id": 357, "transition": 7, "vital_signs": "{\"Airway\": \"freie Atemwege\", \"Breathing\": \"Atemfreq: 27 /min\\nSpO2: 95 %\\nnormales AG h\\u00f6rbar\", \"Circulation\": \"Herzfreq: 76 /min\\nperipher kr\\u00e4ftig tastbar\\nRR: 161.094\", \"Bewusstsein\": \"wach, orientiert\", \"Pupillen\": \"mittelweit\", \"Psyche\": \"hysterisch\", \"Haut\": \"trocken\\nrosig\"}", "examination_codes": "{\"BGA-Oxy\": 612, \"BGA-SBH\": 656, \"Hb\": 423, \"BZ\": 912, \"Gerinnung\": 104, \"Leber\": 117, \"Niere\": 126, \"Infarkt\": 135, \"Lactat\": 345, \"R\\u00f6-Extremit\\u00e4ten\": 617, \"R\\u00f6-Thorax\": 418, \"Trauma-CT\": 242, \"Ultraschall\": 615, \"EKG\": 722, \"ZVD\": 833}", "special_events": "Pat. hat keine Schmerzen", "is_dead": false}}, {"model": "template.patientstate", "pk": 22, "fields": {"code": 1004, "state_id": 717, "transition": 11, "vital_signs": "{\"Airway\": \"k\\u00fcnstlicher Atemweg\", \"Breathing\": \"Atemfreq: 15 /min\\nSpO2: 100 %\\nBeatmung\\nnormales AG h\\u00f6rbar\", \"Circulation\": \"Herzfreq: 71 /min\\nperipher tastbar\\nRR: 129.067\", \"Bewusstsein\": \"narkotisiert\", \"Pupillen\": \"mittelweit\", \"Psyche\": \"\", \"Haut\": \"trocken\\nrosig\"}", "examination_codes": "{\"BGA-Oxy\": 612, \"BGA-SBH\": 656, \"Hb\": 423, \"BZ\": 912, \"Gerinnung\": 104, \"Leber\": 117, \"Niere\": 126, \"Infarkt\": 135, \"Lactat\": 345, \"R\\u00f6-Extremit\\u00e4ten\": 617, \"R\\u00f6-Thorax\": 418, \"Trauma-CT\": 242, \"Ultraschall\": 615, \"EKG\": 722, \"ZVD\": 801}", "special_events": "", "is_dead": false}}, {"model": "template.patientstate", "pk": 23, "fields": {"code": 1004, "state_id": 276, "transition": 12, "vital_signs": "{\"Airway\": \"freie Atemwege\", \"Breathing\": \"Atemfreq: 27 /min\\nSpO2: 100 %\\nnormales AG h\\u00f6rbar\", \"Circulation\": \"Herzfreq: 81 /min\\nperipher kr\\u00e4ftig tastbar\\nRR: 163.089\", \"Bewusstsein\": \"wach, orientiert\", \"Pupillen\": \"mittelweit\", \"Psyche\": \"hysterisch\", \"Haut\": \"trocken\\nrosig\"}", "examination_codes": "{\"BGA-Oxy\": 612, \"BGA-SBH\": 656, \"Hb\": 423, \"BZ\": 926, \"Gerinnung\": 104, \"Leber\": 117, \"Niere\": 126, \"Infarkt\": 135, \"Lactat\": 345, \"R\\u00f6-Extremit\\u00e4ten\": 617, \"R\\u00f6-Thorax\": 418, \"Trauma-CT\": 242, \"Ultraschall\": 615, \"EKG\": 722, \"ZVD\": 824}", "special_events": "Pat. hat keine Schmerzen", "is_dead": false}}, {"model": "template.patientstate", "pk": 24, "fields": {"code": 1004, "state_id": 316, "transition": 12, "vital_signs": "{\"Airway\": \"freie Atemwege\", \"Breathing\": \"Atemfreq: 16 /min\\nSpO2: 100 %\\nnormales AG h\\u00f6rbar\", \"Circulation\": \"Herzfreq: 81 /min\\nperipher kr\\u00e4ftig tastbar\\nRR: 134.066\", \"Bewusstsein\": \"wach, orientiert\", \"Pupillen\": \"mittelweit\", \"Psyche\": \"verlangsamt\", \"Haut\": \"trocken\\nrosig\"}", "examination_codes": "{\"BGA-Oxy\": 612, \"BGA-SBH\": 656, \"Hb\": 423, \"BZ\": 926, \"Gerinnung\": 104, \"Leber\": 117, \"Niere\": 126, \"Infarkt\": 135, \"Lactat\": 345, \"R\\u00f6-Extremit\\u00e4ten\": 617, \"R\\u00f6-Thorax\": 418, \"Trauma-CT\": 242, \"Ultraschall\": 615, \"EKG\": 722, \"ZVD\": 820}", "special_events": "Pat. hat keine Schmerzen", "is_dead": false}}, {"model": "template.patientstate", "pk": 25, "fields": {"code": 1004, "state_id": 356, "transition": 12, "vital_signs": "{\"Airway\": \"freie Atemwege\", \"Breathing\": \"Atemfreq: 28 /min\\nSpO2: 97 %\\nnormales AG h\\u00f6rbar\", \"Circulation\": \"Herzfreq: 82 /min\\nperipher kr\\u00e4ftig tastbar\\nRR: 164.094\", \"Bewusstsein\": \"wach, orientiert\", \"Pupillen\": \"mittelweit\", \"Psyche\": \"hysterisch\", \"Haut\": \"trocken\\nrosig\"}", "examination_codes": "{\"BGA-Oxy\": 612, \"BGA-SBH\": 656, \"Hb\": 423, \"BZ\": 926, \"Gerinnung\": 104, \"Leber\": 117, \"Niere\": 126, \"Infarkt\": 135, \"Lactat\": 345, \"R\\u00f6-Extremit\\u00e4ten\": 617, \"R\\u00f6-Thorax\": 418, \"Trauma-CT\": 242, \"Ultraschall\": 615, \"EKG\": 722, \"ZVD\": 824}", "special_events": "Pat. hat keine Schmerzen", "is_dead": false}}, {"model": "template.patientstate", "pk": 26, "fields": {"code": 1004, "state_id": 716, "transition": 16, "vital_signs": "{\"Airway\": \"k\\u00fcnstlicher Atemweg\", \"Breathing\": \"Atemfreq: 15 /min\\nSpO2: 100 %\\nBeatmung\\nnormales AG h\\u00f6rbar\", \"Circulation\": \"Herzfreq: 75 /min\\nperipher kr\\u00e4ftig tastbar\\nRR: 134.070\", \"Bewusstsein\": \"narkotisiert\", \"Pupillen\": \"mittelweit\", \"Psyche\": \"\", \"Haut\": \"trocken\\nrosig\"}", "examination_codes": "{\"BGA-Oxy\": 612, \"BGA-SBH\": 656, \"Hb\": 423, \"BZ\": 926, \"Gerinnung\": 104, \"Leber\": 117, \"Niere\": 126, \"Infarkt\": 135, \"Lactat\": 345, \"R\\u00f6-Extremit\\u00e4ten\": 617, \"R\\u00f6-Thorax\": 418, \"Trauma-CT\": 242, \"Ultraschall\": 615, \"EKG\": 722, \"ZVD\": 803}", "special_events": "", "is_dead": false}}, {"model": "template.patientstate", "pk": 27, "fields": {"code": 1004, "state_id": 275, "transition": 17, "vital_signs": "{\"Airway\": \"freie Atemwege\", \"Breathing\": \"Atemfreq: 25 /min\\nSpO2: 100 %\\nnormales AG h\\u00f6rbar\", \"Circulation\": \"Herzfreq: 79 /min\\nperipher kr\\u00e4ftig tastbar\\nRR: 155.082\", \"Bewusstsein\": \"wach, orientiert\", \"Pupillen\": \"mittelweit\", \"Psyche\": \"sehr aufgeregt\", \"Haut\": \"trocken\\nrosig\"}", "examination_codes": "{\"BGA-Oxy\": 612, \"BGA-SBH\": 656, \"Hb\": 423, \"BZ\": 912, \"Gerinnung\": 104, \"Leber\": 117, \"Niere\": 126, \"Infarkt\": 135, \"Lactat\": 345, \"R\\u00f6-Extremit\\u00e4ten\": 617, \"R\\u00f6-Thorax\": 418, \"Trauma-CT\": 242, \"Ultraschall\": 615, \"EKG\": 722, \"ZVD\": 833}", "special_events": "Pat. hat keine Schmerzen", "is_dead": false}}, {"model": "template.patientstate", "pk": 28, "fields": {"code": 1004, "state_id": 315, "transition": 17, "vital_signs": "{\"Airway\": \"freie Atemwege\", \"Breathing\": \"Atemfreq: 14 /min\\nSpO2: 100 %\\nnormales AG h\\u00f6rbar\", \"Circulation\": \"Herzfreq: 75 /min\\nperipher kr\\u00e4ftig tastbar\\nRR: 130.065\", \"Bewusstsein\": \"wach, orientiert\", \"Pupillen\": \"mittelweit\", \"Psyche\": \"unauff\\u00e4llig\", \"Haut\": \"trocken\\nrosig\"}", "examination_codes": "{\"BGA-Oxy\": 612, \"BGA-SBH\": 656, \"Hb\": 423, \"BZ\": 912, \"Gerinnung\": 104, \"Leber\": 117, \"Niere\": 126, \"Infarkt\": 135, \"Lactat\": 345, \"R\\u00f6-Extremit\\u00e4ten\": 617, \"R\\u00f6-Thorax\": 418, \"Trauma-CT\": 242, \"Ultraschall\": 615, \"EKG\": 722, \"ZVD\": 812}", "special_events": "Pat. hat keine Schmerzen", "is_dead": false}}, {"model": "template.patientstate", "pk": 29, "fields": {"code": 1004, "state_id": 355, "transition": 17, "vital_signs": "{\"Airway\": \"freie Atemwege\", \"Breathing\": \"Atemfreq: 26 /min\\nSpO2: 97 %\\nnormales AG h\\u00f6rbar\", \"Circulation\": \"Herzfreq: 80 /min\\nperipher kr\\u00e4ftig tastbar\\nRR: 156.087\", \"Bewusstsein\": \"wach, orientiert\", \"Pupillen\": \"mittelweit\", \"Psyche\": \"sehr aufgeregt\", \"Haut\": \"trocken\\nrosig\"}", "examination_codes": "{\"BGA-Oxy\": 612, \"BGA-SBH\": 656, \"Hb\": 423, \"BZ\": 912, \"Gerinnung\": 104, \"Leber\": 117, \"Niere\": 126, \"Infarkt\": 135, \"Lactat\": 345, \"R\\u00f6-Extremit\\u00e4ten\": 617, \"R\\u00f6-Thorax\": 418, \"Trauma-CT\": 242, \"Ultraschall\": 615, \"EKG\": 722, \"ZVD\": 833}", "special_events": "Pat. hat keine Schmerzen", "is_dead": false}}, {"model": "template.patientstate", "pk": 30, "fields": {"code": 1004, "state_id": 715, "transition": 21, "vital_signs": "{\"Airway\": \"k\\u00fcnstlicher Atemweg\", \"Breathing\": \"Atemfreq: 15 /min\\nSpO2: 100 %\\nBeatmung\\nnormales AG h\\u00f6rbar\", \"Circulation\": \"Herzfreq: 71 /min\\nperipher tastbar\\nRR: 128.066\", \"Bewusstsein\": \"narkotisiert\", \"Pupillen\": \"mittelweit\", \"Psyche\": \"\", \"Haut\": \"trocken\\nrosig\"}", "examination_codes": "{\"BGA-Oxy\": 612, \"BGA-SBH\": 656, \"Hb\": 423, \"BZ\": 912, \"Gerinnung\": 104, \"Leber\": 117, \"Niere\": 126, \"Infarkt\": 135, \"Lactat\": 345, \"R\\u00f6-Extremit\\u00e4ten\": 617, \"R\\u00f6-Thorax\": 418, \"Trauma-CT\": 242, \"Ultraschall\": 615, \"EKG\": 722, \"ZVD\": 801}", "special_events": "", "is_dead": false}}, {"model": "template.patientstate", "pk": 31, "fields": {"code": 1004, "state_id": 274, "transition": 22, "vital_signs": "{\"Airway\": \"freie Atemwege\", \"Breathing\": \"Atemfreq: 26 /min\\nSpO2: 100 %\\nnormales AG h\\u00f6rbar\", \"Circulation\": \"Herzfreq: 85 /min\\nperipher kr\\u00e4ftig tastbar\\nRR: 158.082\", \"Bewusstsein\": \"wach, orientiert\", \"Pupillen\": \"mittelweit\", \"Psyche\": \"sehr aufgeregt\", \"Haut\": \"trocken\\nrosig\"}", "examination_codes": "{\"BGA-Oxy\": 612, \"BGA-SBH\": 656, \"Hb\": 423, \"BZ\": 926, \"Gerinnung\": 104, \"Leber\": 117, \"Niere\": 126, \"Infarkt\": 135, \"Lactat\": 345, \"R\\u00f6-Extremit\\u00e4ten\": 617, \"R\\u00f6-Thorax\": 418, \"Trauma-CT\": 242, \"Ultraschall\": 615, \"EKG\": 722, \"ZVD\": 824}", "special_events": "Pat. hat keine Schmerzen", "is_dead": false}}, {"model": "template.patientstate", "pk": 32, "fields": {"code": 1004, "state_id": 314, "transition": 22, "vital_signs": "{\"Airway\": \"freie Atemwege\", \"Breathing\": \"Atemfreq: 17 /min\\nSpO2: 100 %\\nnormales AG h\\u00f6rbar\", \"Circulation\": \"Herzfreq: 77 /min\\nperipher kr\\u00e4ftig tastbar\\nRR: 137.071\", \"Bewusstsein\": \"wach, orientiert\", \"Pupillen\": \"mittelweit\", \"Psyche\": \"unauff\\u00e4llig\", \"Haut\": \"trocken\\nrosig\"}", "examination_codes": "{\"BGA-Oxy\": 612, \"BGA-SBH\": 656, \"Hb\": 423, \"BZ\": 926, \"Gerinnung\": 104, \"Leber\": 117, \"Niere\": 126, \"Infarkt\": 135, \"Lactat\": 345, \"R\\u00f6-Extremit\\u00e4ten\": 617, \"R\\u00f6-Thorax\": 418, \"Trauma-CT\": 242, \"Ultraschall\": 615, \"EKG\": 722, \"ZVD\": 820}", "special_events": "Pat. hat keine Schmerzen", "is_dead": false}}, {"model": "template.patientstate", "pk": 33, "fields": {"code": 1004, "state_id": 354, "transition": 22, "vital_signs": "{\"Airway\": \"freie Atemwege\", \"Breathing\": \"Atemfreq: 27 /min\\nSpO2: 99 %\\nnormales AG h\\u00f6rbar\", \"Circulation\": \"Herzfreq: 86 /min\\nperipher kr\\u00e4ftig tastbar\\nRR: 159.087\", \"Bewusstsein\": \"wach, orientiert\", \"Pupillen\": \"mittelweit\", \"Psyche\": \"sehr aufgeregt\", \"Haut\": \"trocken\\nrosig\"}", "examination_codes": "{\"BGA-Oxy\": 612, \"BGA-SBH\": 656, \"Hb\": 423, \"BZ\": 926, \"Gerinnung\": 104, \"Leber\": 117, \"Niere\": 126, \"Infarkt\": 135, \"Lactat\": 345, \"R\\u00f6-Extremit\\u00e4ten\": 617, \"R\\u00f6-Thorax\": 418, \"Trauma-CT\": 242, \"Ultraschall\": 615, \"EKG\": 722, \"ZVD\": 824}", "special_events": "Pat. hat keine Schmerzen", "is_dead": false}}, {"model": "template.patientstate", "pk": 34, "fields": {"code": 1004, "state_id": 714, "transition": 26, "vital_signs": "{\"Airway\": \"k\\u00fcnstlicher Atemweg\", \"Breathing\": \"Atemfreq: 15 /min\\nSpO2: 100 %\\nBeatmung\\nnormales AG h\\u00f6rbar\", \"Circulation\": \"Herzfreq: 75 /min\\nperipher kr\\u00e4ftig tastbar\\nRR: 133.069\", \"Bewusstsein\": \"narkotisiert\", \"Pupillen\": \"mittelweit\", \"Psyche\": \"\", \"Haut\": \"trocken\\nrosig\"}", "examination_codes": "{\"BGA-Oxy\": 612, \"BGA-SBH\": 656, \"Hb\": 423, \"BZ\": 926, \"Gerinnung\": 104, \"Leber\": 117, \"Niere\": 126, \"Infarkt\": 135, \"Lactat\": 345, \"R\\u00f6-Extremit\\u00e4ten\": 617, \"R\\u00f6-Thorax\": 418, \"Trauma-CT\": 242, \"Ultraschall\": 615, \"EKG\": 722, \"ZVD\": 803}", "special_events": "", "is_dead": false}}, {"model": "template.patientstate", "pk": 35, "fields": {"code": 1004, "state_id": 551, "transition": 37, "vital_signs": "{\"Airway\": \"k\\u00fcnstlicher Atemweg\", \"Breathing\": \"Atemfreq: 15 /min\\nSpO2: 99 %\\nBeatmung\\nnormales AG h\\u00f6rbar\", \"Circulation\": \"Herzfreq: 72 /min\\nperipher tastbar\\nRR: 120.063\", \"Bewusstsein\": \"narkotisiert\", \"Pupillen\": \"mittelweit\", \"Psyche\": \"\", \"Haut\": \"trocken\\nrosig\"}", "examination_codes": "{\"BGA-Oxy\": 612, \"BGA-SBH\": 656, \"Hb\": 423, \"BZ\": 906, \"Gerinnung\": 104, \"Leber\": 117, \"Niere\": 126, \"Infarkt\": 135, \"Lactat\": 345, \"R\\u00f6-Extremit\\u00e4ten\": 617, \"R\\u00f6-Thorax\": 418, \"Trauma-CT\": 242, \"Ultraschall\": 615, \"EKG\": 722, \"ZVD\": 801}", "special_events": "", "is_dead": false}}, {"model": "template.patientstate", "pk": 36, "fields": {"code": 1004, "state_id": 552, "transition": 36, "vital_signs": "{\"Airway\": \"k\\u00fcnstlicher Atemweg\", \"Breathing\": \"Atemfreq: 15 /min\\nSpO2: 100 %\\nBeatmung\\nnormales AG h\\u00f6rbar\", \"Circulation\": \"Herzfreq: 76 /min\\nperipher tastbar\\nRR: 126.067\", \"Bewusstsein\": \"narkotisiert\", \"Pupillen\": \"mittelweit\", \"Psyche\": \"\", \"Haut\": \"trocken\\nrosig\"}", "examination_codes": "{\"BGA-Oxy\": 612, \"BGA-SBH\": 656, \"Hb\": 423, \"BZ\": 912, \"Gerinnung\": 104, \"Leber\": 117, \"Niere\": 126, \"Infarkt\": 135, \"Lactat\": 345, \"R\\u00f6-Extremit\\u00e4ten\": 617, \"R\\u00f6-Thorax\": 418, \"Trauma-CT\": 242, \"Ultraschall\": 615, \"EKG\": 722, \"ZVD\": 803}", "special_events": "", "is_dead": false}}, {"model": "template.patientstate", "pk": 37, "fields": {"code": 1004, "state_id": 553, "transition": 35, "vital_signs": "{\"Airway\": \"k\\u00fcnstlicher Atemweg\", \"Breathing\": \"Atemfreq: 15 /min\\nSpO2: 99 %\\nBeatmung\\nnormales AG h\\u00f6rbar\", \"Circulation\": \"Herzfreq: 72 /min\\nperipher tastbar\\nRR: 121.064\", \"Bewusstsein\": \"narkotisiert\", \"Pupillen\": \"mittelweit\", \"Psyche\": \"\", \"Haut\": \"trocken\\nrosig\"}", "examination_codes": "{\"BGA-Oxy\": 612, \"BGA-SBH\": 656, \"Hb\": 423, \"BZ\": 906, \"Gerinnung\": 104, \"Leber\": 117, \"Niere\": 126, \"Infarkt\": 135, \"Lactat\": 345, \"R\\u00f6-Extremit\\u00e4ten\": 617, \"R\\u00f6-Thorax\": 418, \"Trauma-CT\": 242, \"Ultraschall\": 615, \"EKG\": 722, \"ZVD\": 801}", "special_events": "", "is_dead": false}}, {"model": "template.patientstate", "pk": 38, "fields": {"code": 1004, "state_id": 554, "transition": 27, "vital_signs": "{\"Airway\": \"k\\u00fcnstlicher Atemweg\", \"Breathing\": \"Atemfreq: 15 /min\\nSpO2: 100 %\\nBeatmung\\nnormales AG h\\u00f6rbar\", \"Circulation\": \"Herzfreq: 88 /min\\nperipher kr\\u00e4ftig tastbar\\nRR: 148.080\", \"Bewusstsein\": \"narkotisiert\", \"Pupillen\": \"mittelweit\", \"Psyche\": \"\", \"Haut\": \"trocken\\nrosig\"}", "examination_codes": "{\"BGA-Oxy\": 612, \"BGA-SBH\": 656, \"Hb\": 423, \"BZ\": 912, \"Gerinnung\": 104, \"Leber\": 117, \"Niere\": 126, \"Infarkt\": 135, \"Lactat\": 345, \"R\\u00f6-Extremit\\u00e4ten\": 617, \"R\\u00f6-Thorax\": 418, \"Trauma-CT\": 242, \"Ultraschall\": 615, \"EKG\": 722, \"ZVD\": 803}", "special_events": "", "is_dead": false}}, {"model": "template.statetransition", "pk": 1, "fields": {"resulting_state": null, "next_state_transition": null}}, {"model": "template.statetransition", "pk": 2, "fields": {"resulting_state": 10, "next_state_transition": 3}}, {"model": "template.statetransition", "pk": 3, "fields": {"resulting_state": 11, "next_state_transition": 4}}, {"model": "template.statetransition", "pk": 4, "fields": {"resulting_state": 12, "next_state_transition": 5}}, {"model": "template.statetransition", "pk": 5, "fields": {"resulting_state": 13, "next_state_transition": null}}, {"model": "template.statetransition", "pk": 6, "fields": {"resulting_state": 14, "next_state_transition": null}}, {"model": "template.statetransition", "pk": 7, "fields": {"resulting_state": 9, "next_state_transition": 8}}, {"model": "template.statetransition", "pk": 8, "fields": {"resulting_state": 15, "next_state_transition": 9}}, {"model": "template.statetransition", "pk": 9, "fields": {"resulting_state": 16, "next_state_transition": 10}}, {"model": "template.statetransition", "pk": 10, "fields": {"resulting_state": 17, "next_state_transition": null}}, {"model": "template.statetransition", "pk": 11, "fields": {"resulting_state": 18, "next_state_transition": null}}, {"model": "template.statetransition", "pk": 12, "fields": {"resulting_state": 8, "next_state_transition": 13}}, {"model": "template.statetransition", "pk": 13, "fields": {"resulting_state": 19, "next_state_transition": 14}}, {"model": "template.statetransition", "pk": 14, "fields": {"resulting_state": 20, "next_state_transition": 15}}, {"model": "template.statetransition", "pk": 15, "fields": {"resulting_state": 21, "next_state_transition": null}}, {"model": "template.statetransition", "pk": 16, "fields": {"resulting_state": 22, "next_state_transition": null}}, {"model": "template.statetransition", "pk": 17, "fields": {"resulting_state": 7, "next_state_transition": 18}}, {"model": "template.statetransition", "pk": 18, "fields": {"resulting_state": 23, "next_state_transition": 19}}, {"model": "template.statetransition", "pk": 19, "fields": {"resulting_state": 24, "next_state_transition": 20}}, {"model": "template.statetransition", "pk": 20, "fields": {"resulting_state": 25, "next_state_transition": null}}, {"model": "template.statetransition", "pk": 21, "fields": {"resulting_state": 26, "next_state_transition": null}}, {"model": "template.statetransition", "pk": 22, "fields": {"resulting_state": 6, "next_state_transition": 23}}, {"model": "template.statetransition", "pk": 23, "fields": {"resulting_state": 27, "next_state_transition": 24}}, {"model": "template.statetransition", "pk": 24, "fields": {"resulting_state": 28, "next_state_transition": 25}}, {"model": "template.statetransition", "pk": 25, "fields": {"resulting_state": 29, "next_state_transition": null}}, {"model": "template.statetransition", "pk": 26, "fields": {"resulting_state": 30, "next_state_transition": null}}, {"model": "template.statetransition", "pk": 27, "fields": {"resulting_state": 5, "next_state_transition": 28}}, {"model": "template.statetransition", "pk": 28, "fields": {"resulting_state": 31, "next_state_transition": 29}}, {"model": "template.statetransition", "pk": 29, "fields": {"resulting_state": 32, "next_state_transition": 30}}, {"model": "template.statetransition", "pk": 30, "fields": {"resulting_state": 33, "next_state_transition": null}}, {"model": "template.statetransition", "pk": 31, "fields": {"resulting_state": 34, "next_state_transition": null}}, {"model": "template.statetransition", "pk": 32, "fields": {"resulting_state": 4, "next_state_transition": null}}, {"model": "template.statetransition", "pk": 33, "fields": {"resulting_state": 3, "next_state_transition": null}}, {"model": "template.statetransition", "pk": 34, "fields": {"resulting_state": 2, "next_state_transition": null}}, {"model": "template.statetransition", "pk": 35, "fields": {"resulting_state": 38, "next_state_transition": null}}, {"model": "template.statetransition", "pk": 36, "fields": {"resulting_state": 37, "next_state_transition": null}}, {"model": "template.statetransition", "pk": 37, "fields": {"resulting_state": 36, "next_state_transition": null}}, {"model": "template.subcondition", "pk": 1, "fields": {"name": "keine Lyse", "upper_limit": 0, "lower_limit": 0, "fulfilling_measures": {"baaf316b-0565-4056-8d31-8c5595d24475": 0}}}, {"model": "template.subcondition", "pk": 2, "fields": {"name": "Lyse", "upper_limit": 100000, "lower_limit": 1, "fulfilling_measures": {"baaf316b-0565-4056-8d31-8c5595d24475": 1}}}, {"model": "template.subcondition", "pk": 3, "fields": {"name": "keine 4 EK┬┤s", "upper_limit": 3, "lower_limit": 0, "fulfilling_measures": {"f3b502a4-0c3d-4a9f-a829-e0a59a067c53": 0}}}, {"model": "template.subcondition", "pk": 4, "fields": {"name": "4 EK┬┤s", "upper_limit": 100000, "lower_limit": 4, "fulfilling_measures": {"f3b502a4-0c3d-4a9f-a829-e0a59a067c53": 4}}}, {"model": "template.subcondition", "pk": 5, "fields": {"name": "0-999 Infusion", "upper_limit": 999, "lower_limit": 0, "fulfilling_measures": {}}}, {"model": "template.subcondition", "pk": 6, "fields": {"name": "1000-1999 Infusion", "upper_limit": 1999, "lower_limit": 1000, "fulfilling_measures": {}}}, {"model": "template.subcondition", "pk": 7, "fields": {"name": "2000-2999 Infusion", "upper_limit": 2999, "lower_limit": 2000, "fulfilling_measures": {}}}, {"model": "template.subcondition", "pk": 8, "fields": {"name": "3000-inf Infusion", "upper_limit": 100000, "lower_limit": 3000, "fulfilling_measures": {}}}, {"model": "template.subcondition", "pk": 9, "fields": {"name": "keine 2l Infusion", "upper_limit": 1999, "lower_limit": 0, "fulfilling_measures": {}}}, {"model": "template.subcondition", "pk": 10, "fields": {"name": "2l Infusion", "upper_limit": 100000, "lower_limit": 2000, "fulfilling_measures": {}}}, {"model": "template.subcondition", "pk": 11, "fields": {"name": "keine Thoraxdrainage/ Pleurapunktion", "upper_limit": 0, "lower_limit": 0, "fulfilling_measures": {"22b66af8-ace9-4652-a69c-be62425311cb": 0, "23da8633-a4a6-4af2-a0cb-4b34540033d4": 0}}}, {"model": "template.subcondition", "pk": 12, "fields": {"name": "Thoraxdrainage/ Pleurapunktion", "upper_limit": 100000, "lower_limit": 1, "fulfilling_measures": {"22b66af8-ace9-4652-a69c-be62425311cb": 1, "23da8633-a4a6-4af2-a0cb-4b34540033d4": 1}}}, {"model": "template.subcondition", "pk": 13, "fields": {"name": "keine Glucose", "upper_limit": 0, "lower_limit": 0, "fulfilling_measures": {"1d6b0f2e-7efb-4065-9d58-ff52320e3c7c": 0}}}, {"model": "template.subcondition", "pk": 14, "fields": {"name": "Glucose", "upper_limit": 100000, "lower_limit": 1, "fulfilling_measures": {"1d6b0f2e-7efb-4065-9d58-ff52320e3c7c": 1}}}, {"model": "template.subcondition", "pk": 15, "fields": {"name": "kein Nitrat", "upper_limit": 0, "lower_limit": 0, "fulfilling_measures": {"b3d54ebc-1459-4e8b-8c4e-98a3c68b1607": 0}}}, {"model": "template.subcondition", "pk": 16, "fields": {"name": "Nitrat", "upper_limit": 100000, "lower_limit": 1, "fulfilling_measures": {"b3d54ebc-1459-4e8b-8c4e-98a3c68b1607": 1}}}, {"model": "template.subcondition", "pk": 17, "fields": {"name": "kein O2", "upper_limit": 0, "lower_limit": 0, "fulfilling_measures": {}}}, {"model": "template.subcondition", "pk": 18, "fields": {"name": "O2", "upper_limit": 100000, "lower_limit": 1, "fulfilling_measures": {}}}, {"model": "template.subcondition", "pk": 19, "fields": {"name": "keine OP l├ñuft / ist gelaufen", "upper_limit": 0, "lower_limit": 0, "fulfilling_measures": {}}}, {"model": "template.subcondition", "pk": 20, "fields": {"name": "OP l├ñuft / ist gelaufen", "upper_limit": 100000, "lower_limit": 1, "fulfilling_measures": {}}}, {"model": "template.subcondition", "pk": 21, "fields": {"name": "keine Analgesie", "upper_limit": 0, "lower_limit": 0, "fulfilling_measures": {"e23f9c72-32fc-4a3f-806a-3031943e145d": 0}}}, {"model": "template.subcondition", "pk": 22, "fields": {"name": "Analgesie", "upper_limit": 100000, "lower_limit": 1, "fulfilling_measures": {"e23f9c72-32fc-4a3f-806a-3031943e145d": 1}}}, {"model": "template.subcondition", "pk": 23, "fields": {"name": "keine O2 Inhalation", "upper_limit": 0, "lower_limit": 0, "fulfilling_measures": {}}}, {"model": "template.subcondition", "pk": 24, "fields": {"name": "O2 Inhalation", "upper_limit": 100000, "lower_limit": 1, "fulfilling_measures": {}}}, {"model": "template.subcondition", "pk": 25, "fields": {"name": "kein CPAP", "upper_limit": 0, "lower_limit": 0, "fulfilling_measures": {}}}, {"model": "template.subcondition", "pk": 26, "fields": {"name": "CPAP", "upper_limit": 100000, "lower_limit": 1, "fulfilling_measures": {}}}, {"model": "template.subcondition", "pk": 27, "fields": {"name": "kein Antiasthmatikum", "upper_limit": 0, "lower_limit": 0, "fulfilling_measures": {"50014ee9-750a-4fb1-b8b1-50b4f05548c9": 0}}}, {"model": "template.subcondition", "pk": 28, "fields": {"name": "Antiasthmatikum", "upper_limit": 100000, "lower_limit": 1, "fulfilling_measures": {"50014ee9-750a-4fb1-b8b1-50b4f05548c9": 1}}}, {"model": "template.subcondition", "pk": 29, "fields": {"name": "kein Sedativum", "upper_limit": 0, "lower_limit": 0, "fulfilling_measures": {"2aef024b-b013-490b-87d5-95d9fe10ed72": 0}}}, {"model": "template.subcondition", "pk": 30, "fields": {"name": "Sedativum", "upper_limit": 100000, "lower_limit": 1, "fulfilling_measures": {"2aef024b-b013-490b-87d5-95d9fe10ed72": 1}}}, {"model": "template.subcondition", "pk": 31, "fields": {"name": "keine freien Atemwege", "upper_limit": 0, "lower_limit": 0, "fulfilling_measures": {}}}, {"model": "template.subcondition", "pk": 32, "fields": {"name": "freie Atemwege", "upper_limit": 100000, "lower_limit": 1, "fulfilling_measures": {}}}, {"model": "template.subcondition", "pk": 33, "fields": {"name": "0-1 EK┬┤s", "upper_limit": 1, "lower_limit": 0, "fulfilling_measures": {"f3b502a4-0c3d-4a9f-a829-e0a59a067c53": 0}}}, {"model": "template.subcondition", "pk": 34, "fields": {"name": "2-3 EK┬┤s", "upper_limit": 3, "lower_limit": 2, "fulfilling_measures": {"f3b502a4-0c3d-4a9f-a829-e0a59a067c53": 2}}}, {"model": "template.subcondition", "pk": 35, "fields": {"name": "4-5 EK┬┤s", "upper_limit": 5, "lower_limit": 4, "fulfilling_measures": {"f3b502a4-0c3d-4a9f-a829-e0a59a067c53": 4}}}, {"model": "template.subcondition", "pk": 36, "fields": {"name": "6-inf EK┬┤s", "upper_limit": 100000, "lower_limit": 6, "fulfilling_measures": {"f3b502a4-0c3d-4a9f-a829-e0a59a067c53": 6}}}, {"model": "template.subcondition", "pk": 37, "fields": {"name": "Nicht beatmet", "upper_limit": 0, "lower_limit": 0, "fulfilling_measures": {"154a9717-640a-4c6e-bae3-605a32c75673": 0}}}, {"model": "template.subcondition", "pk": 38, "fields": {"name": "Beatmet", "upper_limit": 100000, "lower_limit": 1, "fulfilling_measures": {"154a9717-640a-4c6e-bae3-605a32c75673": 1}}}, {"model": "template.subcondition", "pk": 39, "fields": {"name": "keine Blutstillung", "upper_limit": 0, "lower_limit": 0, "fulfilling_measures": {"0f5fef5b-998c-4648-a93e-9a6e8ccad3b7": 0}}}, {"model": "template.subcondition", "pk": 40, "fields": {"name": "Blutstillung", "upper_limit": 100000, "lower_limit": 1, "fulfilling_measures": {"0f5fef5b-998c-4648-a93e-9a6e8ccad3b7": 1}}}, {"model": "template.subcondition", "pk": 41, "fields": {"name": "keine Regional-/ Vollnarkose", "upper_limit": 0, "lower_limit": 0, "fulfilling_measures": {"2de49d83-11be-410c-ac7a-68c458baf620": 1, "6b826d26-aa0a-4317-96f5-6565d7ee1e5f": 1, "d4971ae5-117b-49b8-b5c9-4e4220ff971c": 1}}}, {"model": "template.subcondition", "pk": 42, "fields": {"name": "Regional-/ Vollnarkose", "upper_limit": 100000, "lower_limit": 1, "fulfilling_measures": {"2de49d83-11be-410c-ac7a-68c458baf620": 1, "6b826d26-aa0a-4317-96f5-6565d7ee1e5f": 1, "d4971ae5-117b-49b8-b5c9-4e4220ff971c": 1}}}, {"model": "template.logicnode", "pk": 1, "fields": {"state_transition": 1, "node_type": "T", "subcondition": null, "parent": null}}, {"model": "template.logicnode", "pk": 2, "fields": {"state_transition": 2, "node_type": "A", "subcondition": null, "parent": null}}, {"model": "template.logicnode", "pk": 3, "fields": {"state_transition": 2, "node_type": "S", "subcondition": 37, "parent": 2}}, {"model": "template.logicnode", "pk": 4, "fields": {"state_transition": 2, "node_type": "S", "subcondition": 18, "parent": 2}}, {"model": "template.logicnode", "pk": 5, "fields": {"state_transition": 2, "node_type": "S", "subcondition": 30, "parent": 2}}, {"model": "template.logicnode", "pk": 6, "fields": {"state_transition": 3, "node_type": "A", "subcondition": null, "parent": null}}, {"model": "template.logicnode", "pk": 7, "fields": {"state_transition": 3, "node_type": "S", "subcondition": 37, "parent": 6}}, {"model": "template.logicnode", "pk": 8, "fields": {"state_transition": 3, "node_type": "S", "subcondition": 18, "parent": 6}}, {"model": "template.logicnode", "pk": 9, "fields": {"state_transition": 4, "node_type": "A", "subcondition": null, "parent": null}}, {"model": "template.logicnode", "pk": 10, "fields": {"state_transition": 4, "node_type": "S", "subcondition": 37, "parent": 9}}, {"model": "template.logicnode", "pk": 11, "fields": {"state_transition": 4, "node_type": "S", "subcondition": 30, "parent": 9}}, {"model": "template.logicnode", "pk": 12, "fields": {"state_transition": 5, "node_type": "A", "subcondition": null, "parent": null}}, {"model": "template.logicnode", "pk": 13, "fields": {"state_transition": 5, "node_type": "S", "subcondition": 37, "parent": 12}}, {"model": "template.logicnode", "pk": 14, "fields": {"state_transition": 6, "node_type": "A", "subcondition": null, "parent": null}}, {"model": "template.logicnode", "pk": 15, "fields": {"state_transition": 6, "node_type": "S", "subcondition": 38, "parent": 14}}, {"model": "template.logicnode", "pk": 16, "fields": {"state_transition": 7, "node_type": "A", "subcondition": null, "parent": null}}, {"model": "template.logicnode", "pk": 17, "fields": {"state_transition": 7, "node_type": "S", "subcondition": 37, "parent": 16}}, {"model": "template.logicnode", "pk": 18, "fields": {"state_transition": 7, "node_type": "S", "subcondition": 18, "parent": 16}}, {"model": "template.logicnode", "pk": 19, "fields": {"state_transition": 7, "node_type": "S", "subcondition": 30, "parent": 16}}, {"model": "template.logicnode", "pk": 20, "fields": {"state_transition": 8, "node_type": "A", "subcondition": null, "parent": null}}, {"model": "template.logicnode", "pk": 21, "fields": {"state_transition": 8, "node_type": "S", "subcondition": 37, "parent": 20}}, {"model": "template.logicnode", "pk": 22, "fields": {"state_transition": 8, "node_type": "S", "subcondition": 18, "parent": 20}}, {"model": "template.logicnode", "pk": 23, "fields": {"state_transition": 9, "node_type": "A", "subcondition": null, "parent": null}}, {"model": "template.logicnode", "pk": 24, "fields": {"state_transition": 9, "node_type": "S", "subcondition": 37, "parent": 23}}, {"model": "template.logicnode", "pk": 25, "fields": {"state_transition": 9, "node_type": "S", "subcondition": 30, "parent": 23}}, {"model": "template.logicnode", "pk": 26, "fields": {"state_transition": 10, "node_type": "A", "subcondition": null, "parent": null}}, {"model": "template.logicnode", "pk": 27, "fields": {"state_transition": 10, "node_type": "S", "subcondition": 37, "parent": 26}}, {"model": "template.logicnode", "pk": 28, "fields": {"state_transition": 11, "node_type": "A", "subcondition": null, "parent": null}}, {"model": "template.logicnode", "pk": 29, "fields": {"state_transition": 11, "node_type": "S", "subcondition": 38, "parent": 28}}, {"model": "template.logicnode", "pk": 30, "fields": {"state_transition": 12, "node_type": "A", "subcondition": null, "parent": null}}, {"model": "template.logicnode", "pk": 31, "fields": {"state_transition": 12, "node_type": "S", "subcondition": 37, "parent": 30}}, {"model": "template.logicnode", "pk": 32, "fields": {"state_transition": 12, "node_type": "S", "subcondition": 18, "parent": 30}}, {"model": "template.logicnode", "pk": 33, "fields": {"state_transition": 12, "node_type": "S", "subcondition": 30, "parent": 30}}, {"model": "template.logicnode", "pk": 34, "fields": {"state_transition": 13, "node_type": "A", "subcondition": null, "parent": null}}, {"model": "template.logicnode", "pk": 35, "fields": {"state_transition": 13, "node_type": "S", "subcondition": 37, "parent": 34}}, {"model": "template.logicnode", "pk": 36, "fields": {"state_transition": 13, "node_type": "S", "subcondition": 18, "parent": 34}}, {"model": "template.logicnode", "pk": 37, "fields": {"state_transition": 14, "node_type": "A", "subcondition": null, "parent": null}}, {"model": "template.logicnode", "pk": 38, "fields": {"state_transition": 14, "node_type": "S", "subcondition": 37, "parent": 37}}, {"model": "template.logicnode", "pk": 39, "fields": {"state_transition": 14, "node_type": "S", "subcondition": 30, "parent": 37}}, {"model": "template.logicnode", "pk": 40, "fields": {"state_transition": 15, "node_type": "A", "subcondition": null, "parent": null}}, {"model": "template.logicnode", "pk": 41, "fields": {"state_transition": 15, "node_type": "S", "subcondition": 37, "parent": 40}}, {"model": "template.logicnode", "pk": 42, "fields": {"state_transition": 16, "node_type": "A", "subcondition": null, "parent": null}}, {"model": "template.logicnode", "pk": 43, "fields": {"state_transition": 16, "node_type": "S", "subcondition": 38, "parent": 42}}, {"model": "template.logicnode", "pk": 44, "fields": {"state_transition": 17, "node_type": "A", "subcondition": null, "parent": null}}, {"model": "template.logicnode", "pk": 45, "fields": {"state_transition": 17, "node_type": "S", "subcondition": 37, "parent": 44}}, {"model": "template.logicnode", "pk": 46, "fields": {"state_transition": 17, "node_type": "S", "subcondition": 18, "parent": 44}}, {"model": "template.logicnode", "pk": 47, "fields": {"state_transition": 17, "node_type": "S", "subcondition": 30, "parent": 44}}, {"model": "template.logicnode", "pk": 48, "fields": {"state_transition": 18, "node_type": "A", "subcondition": null, "parent": null}}, {"model": "template.logicnode", "pk": 49, "fields": {"state_transition": 18, "node_type": "S", "subcondition": 37, "parent": 48}}, {"model": "template.logicnode", "pk": 50, "fields": {"state_transition": 18, "node_type": "S", "subcondition": 18, "parent": 48}}, {"model": "template.logicnode", "pk": 51, "fields": {"state_transition": 19, "node_type": "A", "subcondition": null, "parent": null}}, {"model": "template.logicnode", "pk": 52, "fields": {"state_transition": 19, "node_type": "S", "subcondition": 37, "parent": 51}}, {"model": "template.logicnode", "pk": 53, "fields": {"state_transition": 19, "node_type": "S", "subcondition": 30, "parent": 51}}, {"model": "template.logicnode", "pk": 54, "fields": {"state_transition": 20, "node_type": "A", "subcondition": null, "parent": null}}, {"model": "template.logicnode", "pk": 55, "fields": {"state_transition": 20, "node_type": "S", "subcondition": 37, "parent": 54}}, {"model": "template.logicnode", "pk": 56, "fields": {"state_transition": 21, "node_type": "A", "subcondition": null, "parent": null}}, {"model": "template.logicnode", "pk": 57, "fields": {"state_transition": 21, "node_type": "S", "subcondition": 38, "parent": 56}}, {"model": "template.logicnode", "pk": 58, "fields": {"state_transition": 22, "node_type": "A", "subcondition": null, "parent": null}}, {"model": "template.logicnode", "pk": 59, "fields": {"state_transition": 22, "node_type": "S", "subcondition": 37, "parent": 58}}, {"model": "template.logicnode", "pk": 60, "fields": {"state_transition": 22, "node_type": "S", "subcondition": 18, "parent": 58}}, {"model": "template.logicnode", "pk": 61, "fields": {"state_transition": 22, "node_type": "S", "subcondition": 30, "parent": 58}}, {"model": "template.logicnode", "pk": 62, "fields": {"state_transition": 23, "node_type": "A", "subcondition": null, "parent": null}}, {"model": "template.logicnode", "pk": 63, "fields": {"state_transition": 23, "node_type": "S", "subcondition": 37, "parent": 62}}, {"model": "template.logicnode", "pk": 64, "fields": {"state_transition": 23, "node_type": "S", "subcondition": 18, "parent": 62}}, {"model": "template.logicnode", "pk": 65, "fields": {"state_transition": 24, "node_type": "A", "subcondition": null, "parent": null}}, {"model": "template.logicnode", "pk": 66, "fields": {"state_transition": 24, "node_type": "S", "subcondition": 37, "parent": 65}}, {"model": "template.logicnode", "pk": 67, "fields": {"state_transition": 24, "node_type": "S", "subcondition": 30, "parent": 65}}, {"model": "template.logicnode", "pk": 68, "fields": {"state_transition": 25, "node_type": "A", "subcondition": null, "parent": null}}, {"model": "template.logicnode", "pk": 69, "fields": {"state_transition": 25, "node_type": "S", "subcondition": 37, "parent": 68}}, {"model": "template.logicnode", "pk": 70, "fields": {"state_transition": 26, "node_type": "A", "subcondition": null, "parent": null}}, {"model": "template.logicnode", "pk": 71, "fields": {"state_transition": 26, "node_type": "S", "subcondition": 38, "parent": 70}}, {"model": "template.logicnode", "pk": 72, "fields": {"state_transition": 27, "node_type": "A", "subcondition": null, "parent": null}}, {"model": "template.logicnode", "pk": 73, "fields": {"state_transition": 27, "node_type": "S", "subcondition": 37, "parent": 72}}, {"model": "template.logicnode", "pk": 74, "fields": {"state_transition": 27, "node_type": "S", "subcondition": 18, "parent": 72}}, {"model": "template.logicnode", "pk": 75, "fields": {"state_transition": 27, "node_type": "S", "subcondition": 30, "parent": 72}}, {"model": "template.logicnode", "pk": 76, "fields": {"state_transition": 28, "node_type": "A", "subcondition": null, "parent": null}}, {"model": "template.logicnode", "pk": 77, "fields": {"state_transition": 28, "node_type": "S", "subcondition": 37, "parent": 76}}, {"model": "template.logicnode", "pk": 78, "fields": {"state_transition": 28, "node_type": "S", "subcondition": 18, "parent": 76}}, {"model": "template.logicnode", "pk": 79, "fields": {"state_transition": 29, "node_type": "A", "subcondition": null, "parent": null}}, {"model": "template.logicnode", "pk": 80, "fields": {"state_transition": 29, "node_type": "S", "subcondition": 37, "parent": 79}}, {"model": "template.logicnode", "pk": 81, "fields": {"state_transition": 29, "node_type": "S", "subcondition": 30, "parent": 79}}, {"model": "template.logicnode", "pk": 82, "fields": {"state_transition": 30, "node_type": "A", "subcondition": null, "parent": null}}, {"model": "template.logicnode", "pk": 83, "fields": {"state_transition": 30, "node_type": "S", "subcondition": 37, "parent": 82}}, {"model": "template.logicnode", "pk": 84, "fields": {"state_transition": 31, "node_type": "A", "subcondition": null, "parent": null}}, {"model": "template.logicnode", "pk": 85, "fields": {"state_transition": 31, "node_type": "S", "subcondition": 38, "parent": 84}}, {"model": "template.logicnode", "pk": 86, "fields": {"state_transition": 32, "node_type": "T", "subcondition": null, "parent": null}}, {"model": "template.logicnode", "pk": 87, "fields": {"state_transition": 33, "node_type": "T", "subcondition": null, "parent": null}}, {"model": "template.logicnode", "pk": 88, "fields": {"state_transition": 34, "node_type": "T", "subcondition": null, "parent": null}}, {"model": "template.logicnode", "pk": 89, "fields": {"state_transition": 35, "node_type": "T", "subcondition": null, "parent": null}}, {"model": "template.logicnode", "pk": 90, "fields": {"state_transition": 36, "node_type": "T", "subcondition": null, "parent": null}}, {"model": "template.logicnode", "pk": 91, "fields": {"state_transition": 37, "node_type": "T", "subcondition": null, "parent": null}}]
