[{"model": "template.patientstate", "pk": 1, "fields": {"code": 1004, "state_id": 101, "transition": 34, "vital_signs": {"Haut": "trocken\nrosig", "Airway": "freie Atemwege", "Psyche": "unauffällig", "Pupillen": "mittelweit", "Breathing": "Atemfreq: 13 /min\nSpO2: 98 %\nnormales AG hörbar", "Bewusstsein": "wach, orientiert", "Circulation": "Herzfreq: 72 /min\nperipher tastbar\nRR: 125/063"}, "examination_codes": {"BZ": 906, "Hb": 423, "EKG": 722, "ZVD": 812, "Leber": 117, "Niere": 126, "Lactat": 345, "BGA-Oxy": 612, "BGA-SBH": 656, "Infarkt": 135, "Gerinnung": 104, "Trauma-CT": 242, "Rö-Thorax": 418, "Ultraschall": 615, "Rö-Extremitäten": 617}, "special_events": "Pat. hat keine Schmerzen", "is_dead": false}}, {"model": "template.patientstate", "pk": 2, "fields": {"code": 1004, "state_id": 102, "transition": 33, "vital_signs": {"Haut": "trocken\nrosig", "Airway": "freie Atemwege", "Psyche": "unauffällig", "Pupillen": "mittelweit", "Breathing": "Atemfreq: 15 /min\nSpO2: 99 %\nnormales AG hörbar", "Bewusstsein": "wach, orientiert", "Circulation": "Herzfreq: 76 /min\nperipher kräftig tastbar\nRR: 131/067"}, "examination_codes": {"BZ": 912, "Hb": 423, "EKG": 722, "ZVD": 820, "Leber": 117, "Niere": 126, "Lactat": 345, "BGA-Oxy": 612, "BGA-SBH": 656, "Infarkt": 135, "Gerinnung": 104, "Trauma-CT": 242, "Rö-Thorax": 418, "Ultraschall": 615, "Rö-Extremitäten": 617}, "special_events": "Pat. hat keine Schmerzen", "is_dead": false}}, {"model": "template.patientstate", "pk": 3, "fields": {"code": 1004, "state_id": 103, "transition": 32, "vital_signs": {"Haut": "trocken\nrosig", "Airway": "freie Atemwege", "Psyche": "unauffällig", "Pupillen": "mittelweit", "Breathing": "Atemfreq: 13 /min\nSpO2: 98 %\nnormales AG hörbar", "Bewusstsein": "wach, orientiert", "Circulation": "Herzfreq: 72 /min\nperipher tastbar\nRR: 126/064"}, "examination_codes": {"BZ": 906, "Hb": 423, "EKG": 722, "ZVD": 812, "Leber": 117, "Niere": 126, "Lactat": 345, "BGA-Oxy": 612, "BGA-SBH": 656, "Infarkt": 135, "Gerinnung": 104, "Trauma-CT": 242, "Rö-Thorax": 418, "Ultraschall": 615, "Rö-Extremitäten": 617}, "special_events": "Pat. hat keine Schmerzen", "is_dead": false}}, {"model": "template.patientstate", "pk": 4, "fields": {"code": 1004, "state_id": 104, "transition": 27, "vital_signs": {"Haut": "trocken\nrosig", "Airway": "freie Atemwege", "Psyche": "sehr aufgeregt", "Pupillen": "mittelweit", "Breathing": "Atemfreq: 27 /min\nSpO2: 100 %\nnormales AG hörbar", "Bewusstsein": "wach, orientiert", "Circulation": "Herzfreq: 88 /min\nperipher kräftig tastbar\nRR: 153/080"}, "examination_codes": {"BZ": 912, "Hb": 423, "EKG": 722, "ZVD": 820, "Leber": 117, "Niere": 126, "Lactat": 345, "BGA-Oxy": 612, "BGA-SBH": 656, "Infarkt": 135, "Gerinnung": 104, "Trauma-CT": 242, "Rö-Thorax": 418, "Ultraschall": 615, "Rö-Extremitäten": 617}, "special_events": "Pat. hat keine Schmerzen", "is_dead": false}}, {"model": "template.patientstate", "pk": 5, "fields": {"code": 1004, "state_id": 234, "transition": 22, "vital_signs": {"Haut": "trocken\nrosig", "Airway": "freie Atemwege", "Psyche": "unauffällig", "Pupillen": "mittelweit", "Breathing": "Atemfreq: 16 /min\nSpO2: 100 %\nflache Atmung\nnormales AG hörbar", "Bewusstsein": "wach, orientiert", "Circulation": "Herzfreq: 76 /min\nperipher kräftig tastbar\nRR: 136/066"}, "examination_codes": {"BZ": 926, "Hb": 423, "EKG": 722, "ZVD": 820, "Leber": 117, "Niere": 126, "Lactat": 345, "BGA-Oxy": 612, "BGA-SBH": 656, "Infarkt": 135, "Gerinnung": 104, "Trauma-CT": 242, "Rö-Thorax": 418, "Ultraschall": 615, "Rö-Extremitäten": 617}, "special_events": "Pat. hat keine Schmerzen", "is_dead": false}}, {"model": "template.patientstate", "pk": 6, "fields": {"code": 1004, "state_id": 235, "transition": 17, "vital_signs": {"Haut": "trocken\nrosig", "Airway": "freie Atemwege", "Psyche": "unauffällig", "Pupillen": "mittelweit", "Breathing": "Atemfreq: 13 /min\nSpO2: 100 %\nflache Atmung\nnormales AG hörbar", "Bewusstsein": "wach, orientiert", "Circulation": "Herzfreq: 74 /min\nperipher tastbar\nRR: 129/060"}, "examination_codes": {"BZ": 912, "Hb": 423, "EKG": 722, "ZVD": 812, "Leber": 117, "Niere": 126, "Lactat": 345, "BGA-Oxy": 612, "BGA-SBH": 656, "Infarkt": 135, "Gerinnung": 104, "Trauma-CT": 242, "Rö-Thorax": 418, "Ultraschall": 615, "Rö-Extremitäten": 617}, "special_events": "Pat. hat keine Schmerzen", "is_dead": false}}, {"model": "template.patientstate", "pk": 7, "fields": {"code": 1004, "state_id": 236, "transition": 12, "vital_signs": {"Haut": "trocken\nrosig", "Airway": "freie Atemwege", "Psyche": "verlangsamt", "Pupillen": "mittelweit", "Breathing": "Atemfreq: 15 /min\nSpO2: 100 %\nflache Atmung\nnormales AG hörbar", "Bewusstsein": "wach, orientiert", "Circulation": "Herzfreq: 79 /min\nperipher kräftig tastbar\nRR: 133/061"}, "examination_codes": {"BZ": 926, "Hb": 423, "EKG": 722, "ZVD": 820, "Leber": 117, "Niere": 126, "Lactat": 345, "BGA-Oxy": 612, "BGA-SBH": 656, "Infarkt": 135, "Gerinnung": 104, "Trauma-CT": 242, "Rö-Thorax": 418, "Ultraschall": 615, "Rö-Extremitäten": 617}, "special_events": "Pat. hat keine Schmerzen", "is_dead": false}}, {"model": "template.patientstate", "pk": 8, "fields": {"code": 1004, "state_id": 237, "transition": 7, "vital_signs": {"Haut": "trocken\nrosig", "Airway": "freie Atemwege", "Psyche": "verlangsamt", "Pupillen": "mittelweit", "Breathing": "Atemfreq: 12 /min\nSpO2: 100 %\nflache Atmung\nnormales AG hörbar", "Bewusstsein": "wach, orientiert", "Circulation": "Herzfreq: 77 /min\nperipher tastbar\nRR: 126/055"}, "examination_codes": {"BZ": 912, "Hb": 423, "EKG": 722, "ZVD": 812, "Leber": 117, "Niere": 126, "Lactat": 345, "BGA-Oxy": 612, "BGA-SBH": 656, "Infarkt": 135, "Gerinnung": 104, "Trauma-CT": 242, "Rö-Thorax": 418, "Ultraschall": 615, "Rö-Extremitäten": 617}, "special_events": "Pat. hat keine Schmerzen", "is_dead": false}}, {"model": "template.patientstate", "pk": 9, "fields": {"code": 1004, "state_id": 238, "transition": 2, "vital_signs": {"Haut": "trocken\nrosig", "Airway": "freie Atemwege", "Psyche": "teilnahmslos", "Pupillen": "mittelweit", "Breathing": "Atemfreq: 14 /min\nSpO2: 100 %\nflache Atmung\nnormales AG hörbar", "Bewusstsein": "wach, orientiert", "Circulation": "Herzfreq: 83 /min\nperipher kräftig tastbar\nRR: 130/056"}, "examination_codes": {"BZ": 919, "Hb": 423, "EKG": 722, "ZVD": 801, "Leber": 117, "Niere": 126, "Lactat": 345, "BGA-Oxy": 612, "BGA-SBH": 656, "Infarkt": 135, "Gerinnung": 104, "Trauma-CT": 242, "Rö-Thorax": 418, "Ultraschall": 615, "Rö-Extremitäten": 617}, "special_events": "Pat. hat keine Schmerzen", "is_dead": false}}, {"model": "template.patientstate", "pk": 10, "fields": {"code": 1004, "state_id": 239, "transition": 1, "vital_signs": {"Haut": "trocken\nrosig", "Airway": "freie Atemwege", "Psyche": "teilnahmslos", "Pupillen": "mittelweit", "Breathing": "Atemfreq: 12 /min\nSpO2: 100 %\nflache Atmung\nnormales AG hörbar", "Bewusstsein": "wach, orientiert", "Circulation": "Herzfreq: 81 /min\nperipher tastbar\nRR: 123/050"}, "examination_codes": {"BZ": 912, "Hb": 423, "EKG": 722, "ZVD": 824, "Leber": 117, "Niere": 126, "Lactat": 345, "BGA-Oxy": 612, "BGA-SBH": 656, "Infarkt": 135, "Gerinnung": 104, "Trauma-CT": 242, "Rö-Thorax": 418, "Ultraschall": 615, "Rö-Extremitäten": 617}, "special_events": "Pat. hat keine Schmerzen", "is_dead": false}}, {"model": "template.patientstate", "pk": 11, "fields": {"code": 1004, "state_id": 279, "transition": 1, "vital_signs": {"Haut": "trocken\nrosig", "Airway": "freie Atemwege", "Psyche": "hysterisch", "Pupillen": "mittelweit", "Breathing": "Atemfreq: 26 /min\nSpO2: 98 %\nnormales AG hörbar", "Bewusstsein": "wach, orientiert", "Circulation": "Herzfreq: 72 /min\nperipher kräftig tastbar\nRR: 165/096"}, "examination_codes": {"BZ": 912, "Hb": 423, "EKG": 722, "ZVD": 836, "Leber": 117, "Niere": 126, "Lactat": 345, "BGA-Oxy": 612, "BGA-SBH": 656, "Infarkt": 135, "Gerinnung": 104, "Trauma-CT": 242, "Rö-Thorax": 418, "Ultraschall": 615, "Rö-Extremitäten": 617}, "special_events": "Pat. hat keine Schmerzen", "is_dead": false}}, {"model": "template.patientstate", "pk": 12, "fields": {"code": 1004, "state_id": 319, "transition": 1, "vital_signs": {"Haut": "trocken\nrosig", "Airway": "freie Atemwege", "Psyche": "teilnahmslos", "Pupillen": "mittelweit", "Breathing": "Atemfreq: 13 /min\nSpO2: 100 %\nnormales AG hörbar", "Bewusstsein": "wach, orientiert", "Circulation": "Herzfreq: 83 /min\nperipher tastbar\nRR: 124/055"}, "examination_codes": {"BZ": 912, "Hb": 423, "EKG": 722, "ZVD": 824, "Leber": 117, "Niere": 126, "Lactat": 345, "BGA-Oxy": 612, "BGA-SBH": 656, "Infarkt": 135, "Gerinnung": 104, "Trauma-CT": 242, "Rö-Thorax": 418, "Ultraschall": 615, "Rö-Extremitäten": 617}, "special_events": "Pat. hat keine Schmerzen", "is_dead": false}}, {"model": "template.patientstate", "pk": 13, "fields": {"code": 1004, "state_id": 359, "transition": 1, "vital_signs": {"Haut": "trocken\nleichte ,", "Airway": "freie Atemwege", "Psyche": "hysterisch", "Pupillen": "mittelweit", "Breathing": "Atemfreq: 27 /min\nSpO2: 93 %\nnormales AG hörbar", "Bewusstsein": "wach, orientiert", "Circulation": "Herzfreq: 72 /min\nperipher kräftig tastbar\nRR: 166/101"}, "examination_codes": {"BZ": 912, "Hb": 423, "EKG": 722, "ZVD": 836, "Leber": 117, "Niere": 126, "Lactat": 345, "BGA-Oxy": 608, "BGA-SBH": 656, "Infarkt": 135, "Gerinnung": 104, "Trauma-CT": 242, "Rö-Thorax": 418, "Ultraschall": 615, "Rö-Extremitäten": 617}, "special_events": "Pat. klagt über leichte Atemnot\nPat. hat keine Schmerzen", "is_dead": false}}, {"model": "template.patientstate", "pk": 14, "fields": {"code": 1004, "state_id": 719, "transition": 1, "vital_signs": {"Haut": "trocken\nrosig", "Airway": "künstlicher Atemweg", "Psyche": "", "Pupillen": "mittelweit", "Breathing": "Atemfreq: 15 /min\nSpO2: 100 %\nBeatmung\nnormales AG hörbar", "Bewusstsein": "narkotisiert", "Circulation": "Herzfreq: 71 /min\nperipher kräftig tastbar\nRR: 130/068"}, "examination_codes": {"BZ": 912, "Hb": 423, "EKG": 722, "ZVD": 801, "Leber": 117, "Niere": 126, "Lactat": 345, "BGA-Oxy": 612, "BGA-SBH": 656, "Infarkt": 135, "Gerinnung": 104, "Trauma-CT": 242, "Rö-Thorax": 418, "Ultraschall": 615, "Rö-Extremitäten": 617}, "special_events": "", "is_dead": false}}, {"model": "template.patientstate", "pk": 15, "fields": {"code": 1004, "state_id": 278, "transition": 2, "vital_signs": {"Haut": "trocken\nrosig", "Airway": "freie Atemwege", "Psyche": "hysterisch", "Pupillen": "mittelweit", "Breathing": "Atemfreq: 28 /min\nSpO2: 100 %\nnormales AG hörbar", "Bewusstsein": "wach, orientiert", "Circulation": "Herzfreq: 78 /min\nperipher kräftig tastbar\nRR: 168/096"}, "examination_codes": {"BZ": 919, "Hb": 423, "EKG": 722, "ZVD": 812, "Leber": 117, "Niere": 126, "Lactat": 345, "BGA-Oxy": 612, "BGA-SBH": 656, "Infarkt": 135, "Gerinnung": 104, "Trauma-CT": 242, "Rö-Thorax": 418, "Ultraschall": 615, "Rö-Extremitäten": 617}, "special_events": "Pat. hat keine Schmerzen", "is_dead": false}}, {"model": "template.patientstate", "pk": 16, "fields": {"code": 1004, "state_id": 318, "transition": 2, "vital_signs": {"Haut": "trocken\nrosig", "Airway": "freie Atemwege", "Psyche": "teilnahmslos", "Pupillen": "mittelweit", "Breathing": "Atemfreq: 15 /min\nSpO2: 100 %\nnormales AG hörbar", "Bewusstsein": "wach, orientiert", "Circulation": "Herzfreq: 85 /min\nperipher kräftig tastbar\nRR: 131/061"}, "examination_codes": {"BZ": 919, "Hb": 423, "EKG": 722, "ZVD": 801, "Leber": 117, "Niere": 126, "Lactat": 345, "BGA-Oxy": 612, "BGA-SBH": 656, "Infarkt": 135, "Gerinnung": 104, "Trauma-CT": 242, "Rö-Thorax": 418, "Ultraschall": 615, "Rö-Extremitäten": 617}, "special_events": "Pat. hat keine Schmerzen", "is_dead": false}}, {"model": "template.patientstate", "pk": 17, "fields": {"code": 1004, "state_id": 358, "transition": 2, "vital_signs": {"Haut": "trocken\nrosig", "Airway": "freie Atemwege", "Psyche": "hysterisch", "Pupillen": "mittelweit", "Breathing": "Atemfreq: 29 /min\nSpO2: 95 %\nnormales AG hörbar", "Bewusstsein": "wach, orientiert", "Circulation": "Herzfreq: 78 /min\nperipher kräftig tastbar\nRR: 169/101"}, "examination_codes": {"BZ": 919, "Hb": 423, "EKG": 722, "ZVD": 812, "Leber": 117, "Niere": 126, "Lactat": 345, "BGA-Oxy": 612, "BGA-SBH": 656, "Infarkt": 135, "Gerinnung": 104, "Trauma-CT": 242, "Rö-Thorax": 418, "Ultraschall": 615, "Rö-Extremitäten": 617}, "special_events": "Pat. hat keine Schmerzen", "is_dead": false}}, {"model": "template.patientstate", "pk": 18, "fields": {"code": 1004, "state_id": 718, "transition": 2, "vital_signs": {"Haut": "trocken\nrosig", "Airway": "künstlicher Atemweg", "Psyche": "", "Pupillen": "mittelweit", "Breathing": "Atemfreq: 15 /min\nSpO2: 100 %\nBeatmung\nnormales AG hörbar", "Bewusstsein": "narkotisiert", "Circulation": "Herzfreq: 75 /min\nperipher kräftig tastbar\nRR: 135/071"}, "examination_codes": {"BZ": 919, "Hb": 423, "EKG": 722, "ZVD": 803, "Leber": 117, "Niere": 126, "Lactat": 345, "BGA-Oxy": 612, "BGA-SBH": 656, "Infarkt": 135, "Gerinnung": 104, "Trauma-CT": 242, "Rö-Thorax": 418, "Ultraschall": 615, "Rö-Extremitäten": 617}, "special_events": "", "is_dead": false}}, {"model": "template.patientstate", "pk": 19, "fields": {"code": 1004, "state_id": 277, "transition": 7, "vital_signs": {"Haut": "trocken\nrosig", "Airway": "freie Atemwege", "Psyche": "hysterisch", "Pupillen": "mittelweit", "Breathing": "Atemfreq: 26 /min\nSpO2: 100 %\nnormales AG hörbar", "Bewusstsein": "wach, orientiert", "Circulation": "Herzfreq: 75 /min\nperipher kräftig tastbar\nRR: 160/089"}, "examination_codes": {"BZ": 912, "Hb": 423, "EKG": 722, "ZVD": 833, "Leber": 117, "Niere": 126, "Lactat": 345, "BGA-Oxy": 612, "BGA-SBH": 656, "Infarkt": 135, "Gerinnung": 104, "Trauma-CT": 242, "Rö-Thorax": 418, "Ultraschall": 615, "Rö-Extremitäten": 617}, "special_events": "Pat. hat keine Schmerzen", "is_dead": false}}, {"model": "template.patientstate", "pk": 20, "fields": {"code": 1004, "state_id": 317, "transition": 7, "vital_signs": {"Haut": "trocken\nrosig", "Airway": "freie Atemwege", "Psyche": "verlangsamt", "Pupillen": "mittelweit", "Breathing": "Atemfreq: 13 /min\nSpO2: 100 %\nnormales AG hörbar", "Bewusstsein": "wach, orientiert", "Circulation": "Herzfreq: 79 /min\nperipher tastbar\nRR: 127/060"}, "examination_codes": {"BZ": 912, "Hb": 423, "EKG": 722, "ZVD": 812, "Leber": 117, "Niere": 126, "Lactat": 345, "BGA-Oxy": 612, "BGA-SBH": 656, "Infarkt": 135, "Gerinnung": 104, "Trauma-CT": 242, "Rö-Thorax": 418, "Ultraschall": 615, "Rö-Extremitäten": 617}, "special_events": "Pat. hat keine Schmerzen", "is_dead": false}}, {"model": "template.patientstate", "pk": 21, "fields": {"code": 1004, "state_id": 357, "transition": 7, "vital_signs": {"Haut": "trocken\nrosig", "Airway": "freie Atemwege", "Psyche": "hysterisch", "Pupillen": "mittelweit", "Breathing": "Atemfreq: 27 /min\nSpO2: 95 %\nnormales AG hörbar", "Bewusstsein": "wach, orientiert", "Circulation": "Herzfreq: 76 /min\nperipher kräftig tastbar\nRR: 161/094"}, "examination_codes": {"BZ": 912, "Hb": 423, "EKG": 722, "ZVD": 833, "Leber": 117, "Niere": 126, "Lactat": 345, "BGA-Oxy": 612, "BGA-SBH": 656, "Infarkt": 135, "Gerinnung": 104, "Trauma-CT": 242, "Rö-Thorax": 418, "Ultraschall": 615, "Rö-Extremitäten": 617}, "special_events": "Pat. hat keine Schmerzen", "is_dead": false}}, {"model": "template.patientstate", "pk": 22, "fields": {"code": 1004, "state_id": 717, "transition": 7, "vital_signs": {"Haut": "trocken\nrosig", "Airway": "künstlicher Atemweg", "Psyche": "", "Pupillen": "mittelweit", "Breathing": "Atemfreq: 15 /min\nSpO2: 100 %\nBeatmung\nnormales AG hörbar", "Bewusstsein": "narkotisiert", "Circulation": "Herzfreq: 71 /min\nperipher tastbar\nRR: 129/067"}, "examination_codes": {"BZ": 912, "Hb": 423, "EKG": 722, "ZVD": 801, "Leber": 117, "Niere": 126, "Lactat": 345, "BGA-Oxy": 612, "BGA-SBH": 656, "Infarkt": 135, "Gerinnung": 104, "Trauma-CT": 242, "Rö-Thorax": 418, "Ultraschall": 615, "Rö-Extremitäten": 617}, "special_events": "", "is_dead": false}}, {"model": "template.patientstate", "pk": 23, "fields": {"code": 1004, "state_id": 276, "transition": 12, "vital_signs": {"Haut": "trocken\nrosig", "Airway": "freie Atemwege", "Psyche": "hysterisch", "Pupillen": "mittelweit", "Breathing": "Atemfreq: 27 /min\nSpO2: 100 %\nnormales AG hörbar", "Bewusstsein": "wach, orientiert", "Circulation": "Herzfreq: 81 /min\nperipher kräftig tastbar\nRR: 163/089"}, "examination_codes": {"BZ": 926, "Hb": 423, "EKG": 722, "ZVD": 824, "Leber": 117, "Niere": 126, "Lactat": 345, "BGA-Oxy": 612, "BGA-SBH": 656, "Infarkt": 135, "Gerinnung": 104, "Trauma-CT": 242, "Rö-Thorax": 418, "Ultraschall": 615, "Rö-Extremitäten": 617}, "special_events": "Pat. hat keine Schmerzen", "is_dead": false}}, {"model": "template.patientstate", "pk": 24, "fields": {"code": 1004, "state_id": 316, "transition": 12, "vital_signs": {"Haut": "trocken\nrosig", "Airway": "freie Atemwege", "Psyche": "verlangsamt", "Pupillen": "mittelweit", "Breathing": "Atemfreq: 16 /min\nSpO2: 100 %\nnormales AG hörbar", "Bewusstsein": "wach, orientiert", "Circulation": "Herzfreq: 81 /min\nperipher kräftig tastbar\nRR: 134/066"}, "examination_codes": {"BZ": 926, "Hb": 423, "EKG": 722, "ZVD": 820, "Leber": 117, "Niere": 126, "Lactat": 345, "BGA-Oxy": 612, "BGA-SBH": 656, "Infarkt": 135, "Gerinnung": 104, "Trauma-CT": 242, "Rö-Thorax": 418, "Ultraschall": 615, "Rö-Extremitäten": 617}, "special_events": "Pat. hat keine Schmerzen", "is_dead": false}}, {"model": "template.patientstate", "pk": 25, "fields": {"code": 1004, "state_id": 356, "transition": 12, "vital_signs": {"Haut": "trocken\nrosig", "Airway": "freie Atemwege", "Psyche": "hysterisch", "Pupillen": "mittelweit", "Breathing": "Atemfreq: 28 /min\nSpO2: 97 %\nnormales AG hörbar", "Bewusstsein": "wach, orientiert", "Circulation": "Herzfreq: 82 /min\nperipher kräftig tastbar\nRR: 164/094"}, "examination_codes": {"BZ": 926, "Hb": 423, "EKG": 722, "ZVD": 824, "Leber": 117, "Niere": 126, "Lactat": 345, "BGA-Oxy": 612, "BGA-SBH": 656, "Infarkt": 135, "Gerinnung": 104, "Trauma-CT": 242, "Rö-Thorax": 418, "Ultraschall": 615, "Rö-Extremitäten": 617}, "special_events": "Pat. hat keine Schmerzen", "is_dead": false}}, {"model": "template.patientstate", "pk": 26, "fields": {"code": 1004, "state_id": 716, "transition": 12, "vital_signs": {"Haut": "trocken\nrosig", "Airway": "künstlicher Atemweg", "Psyche": "", "Pupillen": "mittelweit", "Breathing": "Atemfreq: 15 /min\nSpO2: 100 %\nBeatmung\nnormales AG hörbar", "Bewusstsein": "narkotisiert", "Circulation": "Herzfreq: 75 /min\nperipher kräftig tastbar\nRR: 134/070"}, "examination_codes": {"BZ": 926, "Hb": 423, "EKG": 722, "ZVD": 803, "Leber": 117, "Niere": 126, "Lactat": 345, "BGA-Oxy": 612, "BGA-SBH": 656, "Infarkt": 135, "Gerinnung": 104, "Trauma-CT": 242, "Rö-Thorax": 418, "Ultraschall": 615, "Rö-Extremitäten": 617}, "special_events": "", "is_dead": false}}, {"model": "template.patientstate", "pk": 27, "fields": {"code": 1004, "state_id": 275, "transition": 17, "vital_signs": {"Haut": "trocken\nrosig", "Airway": "freie Atemwege", "Psyche": "sehr aufgeregt", "Pupillen": "mittelweit", "Breathing": "Atemfreq: 25 /min\nSpO2: 100 %\nnormales AG hörbar", "Bewusstsein": "wach, orientiert", "Circulation": "Herzfreq: 79 /min\nperipher kräftig tastbar\nRR: 155/082"}, "examination_codes": {"BZ": 912, "Hb": 423, "EKG": 722, "ZVD": 833, "Leber": 117, "Niere": 126, "Lactat": 345, "BGA-Oxy": 612, "BGA-SBH": 656, "Infarkt": 135, "Gerinnung": 104, "Trauma-CT": 242, "Rö-Thorax": 418, "Ultraschall": 615, "Rö-Extremitäten": 617}, "special_events": "Pat. hat keine Schmerzen", "is_dead": false}}, {"model": "template.patientstate", "pk": 28, "fields": {"code": 1004, "state_id": 315, "transition": 17, "vital_signs": {"Haut": "trocken\nrosig", "Airway": "freie Atemwege", "Psyche": "unauffällig", "Pupillen": "mittelweit", "Breathing": "Atemfreq: 14 /min\nSpO2: 100 %\nnormales AG hörbar", "Bewusstsein": "wach, orientiert", "Circulation": "Herzfreq: 75 /min\nperipher kräftig tastbar\nRR: 130/065"}, "examination_codes": {"BZ": 912, "Hb": 423, "EKG": 722, "ZVD": 812, "Leber": 117, "Niere": 126, "Lactat": 345, "BGA-Oxy": 612, "BGA-SBH": 656, "Infarkt": 135, "Gerinnung": 104, "Trauma-CT": 242, "Rö-Thorax": 418, "Ultraschall": 615, "Rö-Extremitäten": 617}, "special_events": "Pat. hat keine Schmerzen", "is_dead": false}}, {"model": "template.patientstate", "pk": 29, "fields": {"code": 1004, "state_id": 355, "transition": 17, "vital_signs": {"Haut": "trocken\nrosig", "Airway": "freie Atemwege", "Psyche": "sehr aufgeregt", "Pupillen": "mittelweit", "Breathing": "Atemfreq: 26 /min\nSpO2: 97 %\nnormales AG hörbar", "Bewusstsein": "wach, orientiert", "Circulation": "Herzfreq: 80 /min\nperipher kräftig tastbar\nRR: 156/087"}, "examination_codes": {"BZ": 912, "Hb": 423, "EKG": 722, "ZVD": 833, "Leber": 117, "Niere": 126, "Lactat": 345, "BGA-Oxy": 612, "BGA-SBH": 656, "Infarkt": 135, "Gerinnung": 104, "Trauma-CT": 242, "Rö-Thorax": 418, "Ultraschall": 615, "Rö-Extremitäten": 617}, "special_events": "Pat. hat keine Schmerzen", "is_dead": false}}, {"model": "template.patientstate", "pk": 30, "fields": {"code": 1004, "state_id": 715, "transition": 17, "vital_signs": {"Haut": "trocken\nrosig", "Airway": "künstlicher Atemweg", "Psyche": "", "Pupillen": "mittelweit", "Breathing": "Atemfreq: 15 /min\nSpO2: 100 %\nBeatmung\nnormales AG hörbar", "Bewusstsein": "narkotisiert", "Circulation": "Herzfreq: 71 /min\nperipher tastbar\nRR: 128/066"}, "examination_codes": {"BZ": 912, "Hb": 423, "EKG": 722, "ZVD": 801, "Leber": 117, "Niere": 126, "Lactat": 345, "BGA-Oxy": 612, "BGA-SBH": 656, "Infarkt": 135, "Gerinnung": 104, "Trauma-CT": 242, "Rö-Thorax": 418, "Ultraschall": 615, "Rö-Extremitäten": 617}, "special_events": "", "is_dead": false}}, {"model": "template.patientstate", "pk": 31, "fields": {"code": 1004, "state_id": 274, "transition": 22, "vital_signs": {"Haut": "trocken\nrosig", "Airway": "freie Atemwege", "Psyche": "sehr aufgeregt", "Pupillen": "mittelweit", "Breathing": "Atemfreq: 26 /min\nSpO2: 100 %\nnormales AG hörbar", "Bewusstsein": "wach, orientiert", "Circulation": "Herzfreq: 85 /min\nperipher kräftig tastbar\nRR: 158/082"}, "examination_codes": {"BZ": 926, "Hb": 423, "EKG": 722, "ZVD": 824, "Leber": 117, "Niere": 126, "Lactat": 345, "BGA-Oxy": 612, "BGA-SBH": 656, "Infarkt": 135, "Gerinnung": 104, "Trauma-CT": 242, "Rö-Thorax": 418, "Ultraschall": 615, "Rö-Extremitäten": 617}, "special_events": "Pat. hat keine Schmerzen", "is_dead": false}}, {"model": "template.patientstate", "pk": 32, "fields": {"code": 1004, "state_id": 314, "transition": 22, "vital_signs": {"Haut": "trocken\nrosig", "Airway": "freie Atemwege", "Psyche": "unauffällig", "Pupillen": "mittelweit", "Breathing": "Atemfreq: 17 /min\nSpO2: 100 %\nnormales AG hörbar", "Bewusstsein": "wach, orientiert", "Circulation": "Herzfreq: 77 /min\nperipher kräftig tastbar\nRR: 137/071"}, "examination_codes": {"BZ": 926, "Hb": 423, "EKG": 722, "ZVD": 820, "Leber": 117, "Niere": 126, "Lactat": 345, "BGA-Oxy": 612, "BGA-SBH": 656, "Infarkt": 135, "Gerinnung": 104, "Trauma-CT": 242, "Rö-Thorax": 418, "Ultraschall": 615, "Rö-Extremitäten": 617}, "special_events": "Pat. hat keine Schmerzen", "is_dead": false}}, {"model": "template.patientstate", "pk": 33, "fields": {"code": 1004, "state_id": 354, "transition": 22, "vital_signs": {"Haut": "trocken\nrosig", "Airway": "freie Atemwege", "Psyche": "sehr aufgeregt", "Pupillen": "mittelweit", "Breathing": "Atemfreq: 27 /min\nSpO2: 99 %\nnormales AG hörbar", "Bewusstsein": "wach, orientiert", "Circulation": "Herzfreq: 86 /min\nperipher kräftig tastbar\nRR: 159/087"}, "examination_codes": {"BZ": 926, "Hb": 423, "EKG": 722, "ZVD": 824, "Leber": 117, "Niere": 126, "Lactat": 345, "BGA-Oxy": 612, "BGA-SBH": 656, "Infarkt": 135, "Gerinnung": 104, "Trauma-CT": 242, "Rö-Thorax": 418, "Ultraschall": 615, "Rö-Extremitäten": 617}, "special_events": "Pat. hat keine Schmerzen", "is_dead": false}}, {"model": "template.patientstate", "pk": 34, "fields": {"code": 1004, "state_id": 714, "transition": 22, "vital_signs": {"Haut": "trocken\nrosig", "Airway": "künstlicher Atemweg", "Psyche": "", "Pupillen": "mittelweit", "Breathing": "Atemfreq: 15 /min\nSpO2: 100 %\nBeatmung\nnormales AG hörbar", "Bewusstsein": "narkotisiert", "Circulation": "Herzfreq: 75 /min\nperipher kräftig tastbar\nRR: 133/069"}, "examination_codes": {"BZ": 926, "Hb": 423, "EKG": 722, "ZVD": 803, "Leber": 117, "Niere": 126, "Lactat": 345, "BGA-Oxy": 612, "BGA-SBH": 656, "Infarkt": 135, "Gerinnung": 104, "Trauma-CT": 242, "Rö-Thorax": 418, "Ultraschall": 615, "Rö-Extremitäten": 617}, "special_events": "", "is_dead": false}}, {"model": "template.patientstate", "pk": 35, "fields": {"code": 1004, "state_id": 551, "transition": 37, "vital_signs": {"Haut": "trocken\nrosig", "Airway": "künstlicher Atemweg", "Psyche": "", "Pupillen": "mittelweit", "Breathing": "Atemfreq: 15 /min\nSpO2: 99 %\nBeatmung\nnormales AG hörbar", "Bewusstsein": "narkotisiert", "Circulation": "Herzfreq: 72 /min\nperipher tastbar\nRR: 120/063"}, "examination_codes": {"BZ": 906, "Hb": 423, "EKG": 722, "ZVD": 801, "Leber": 117, "Niere": 126, "Lactat": 345, "BGA-Oxy": 612, "BGA-SBH": 656, "Infarkt": 135, "Gerinnung": 104, "Trauma-CT": 242, "Rö-Thorax": 418, "Ultraschall": 615, "Rö-Extremitäten": 617}, "special_events": "", "is_dead": false}}, {"model": "template.patientstate", "pk": 36, "fields": {"code": 1004, "state_id": 552, "transition": 36, "vital_signs": {"Haut": "trocken\nrosig", "Airway": "künstlicher Atemweg", "Psyche": "", "Pupillen": "mittelweit", "Breathing": "Atemfreq: 15 /min\nSpO2: 100 %\nBeatmung\nnormales AG hörbar", "Bewusstsein": "narkotisiert", "Circulation": "Herzfreq: 76 /min\nperipher tastbar\nRR: 126/067"}, "examination_codes": {"BZ": 912, "Hb": 423, "EKG": 722, "ZVD": 803, "Leber": 117, "Niere": 126, "Lactat": 345, "BGA-Oxy": 612, "BGA-SBH": 656, "Infarkt": 135, "Gerinnung": 104, "Trauma-CT": 242, "Rö-Thorax": 418, "Ultraschall": 615, "Rö-Extremitäten": 617}, "special_events": "", "is_dead": false}}, {"model": "template.patientstate", "pk": 37, "fields": {"code": 1004, "state_id": 553, "transition": 35, "vital_signs": {"Haut": "trocken\nrosig", "Airway": "künstlicher Atemweg", "Psyche": "", "Pupillen": "mittelweit", "Breathing": "Atemfreq: 15 /min\nSpO2: 99 %\nBeatmung\nnormales AG hörbar", "Bewusstsein": "narkotisiert", "Circulation": "Herzfreq: 72 /min\nperipher tastbar\nRR: 121/064"}, "examination_codes": {"BZ": 906, "Hb": 423, "EKG": 722, "ZVD": 801, "Leber": 117, "Niere": 126, "Lactat": 345, "BGA-Oxy": 612, "BGA-SBH": 656, "Infarkt": 135, "Gerinnung": 104, "Trauma-CT": 242, "Rö-Thorax": 418, "Ultraschall": 615, "Rö-Extremitäten": 617}, "special_events": "", "is_dead": false}}, {"model": "template.patientstate", "pk": 38, "fields": {"code": 1004, "state_id": 554, "transition": 27, "vital_signs": {"Haut": "trocken\nrosig", "Airway": "künstlicher Atemweg", "Psyche": "", "Pupillen": "mittelweit", "Breathing": "Atemfreq: 15 /min\nSpO2: 100 %\nBeatmung\nnormales AG hörbar", "Bewusstsein": "narkotisiert", "Circulation": "Herzfreq: 88 /min\nperipher kräftig tastbar\nRR: 148/080"}, "examination_codes": {"BZ": 912, "Hb": 423, "EKG": 722, "ZVD": 803, "Leber": 117, "Niere": 126, "Lactat": 345, "BGA-Oxy": 612, "BGA-SBH": 656, "Infarkt": 135, "Gerinnung": 104, "Trauma-CT": 242, "Rö-Thorax": 418, "Ultraschall": 615, "Rö-Extremitäten": 617}, "special_events": "", "is_dead": false}}, {"model": "template.statetransition", "pk": 1, "fields": {"resulting_state": null, "next_state_transition": null}}, {"model": "template.statetransition", "pk": 2, "fields": {"resulting_state": 10, "next_state_transition": 3}}, {"model": "template.statetransition", "pk": 3, "fields": {"resulting_state": 11, "next_state_transition": 4}}, {"model": "template.statetransition", "pk": 4, "fields": {"resulting_state": 12, "next_state_transition": 5}}, {"model": "template.statetransition", "pk": 5, "fields": {"resulting_state": 13, "next_state_transition": 6}}, {"model": "template.statetransition", "pk": 6, "fields": {"resulting_state": 14, "next_state_transition": null}}, {"model": "template.statetransition", "pk": 7, "fields": {"resulting_state": 9, "next_state_transition": 8}}, {"model": "template.statetransition", "pk": 8, "fields": {"resulting_state": 15, "next_state_transition": 9}}, {"model": "template.statetransition", "pk": 9, "fields": {"resulting_state": 16, "next_state_transition": 10}}, {"model": "template.statetransition", "pk": 10, "fields": {"resulting_state": 17, "next_state_transition": 11}}, {"model": "template.statetransition", "pk": 11, "fields": {"resulting_state": 18, "next_state_transition": null}}, {"model": "template.statetransition", "pk": 12, "fields": {"resulting_state": 8, "next_state_transition": 13}}, {"model": "template.statetransition", "pk": 13, "fields": {"resulting_state": 19, "next_state_transition": 14}}, {"model": "template.statetransition", "pk": 14, "fields": {"resulting_state": 20, "next_state_transition": 15}}, {"model": "template.statetransition", "pk": 15, "fields": {"resulting_state": 21, "next_state_transition": 16}}, {"model": "template.statetransition", "pk": 16, "fields": {"resulting_state": 22, "next_state_transition": null}}, {"model": "template.statetransition", "pk": 17, "fields": {"resulting_state": 7, "next_state_transition": 18}}, {"model": "template.statetransition", "pk": 18, "fields": {"resulting_state": 23, "next_state_transition": 19}}, {"model": "template.statetransition", "pk": 19, "fields": {"resulting_state": 24, "next_state_transition": 20}}, {"model": "template.statetransition", "pk": 20, "fields": {"resulting_state": 25, "next_state_transition": 21}}, {"model": "template.statetransition", "pk": 21, "fields": {"resulting_state": 26, "next_state_transition": null}}, {"model": "template.statetransition", "pk": 22, "fields": {"resulting_state": 6, "next_state_transition": 23}}, {"model": "template.statetransition", "pk": 23, "fields": {"resulting_state": 27, "next_state_transition": 24}}, {"model": "template.statetransition", "pk": 24, "fields": {"resulting_state": 28, "next_state_transition": 25}}, {"model": "template.statetransition", "pk": 25, "fields": {"resulting_state": 29, "next_state_transition": 26}}, {"model": "template.statetransition", "pk": 26, "fields": {"resulting_state": 30, "next_state_transition": null}}, {"model": "template.statetransition", "pk": 27, "fields": {"resulting_state": 5, "next_state_transition": 28}}, {"model": "template.statetransition", "pk": 28, "fields": {"resulting_state": 31, "next_state_transition": 29}}, {"model": "template.statetransition", "pk": 29, "fields": {"resulting_state": 32, "next_state_transition": 30}}, {"model": "template.statetransition", "pk": 30, "fields": {"resulting_state": 33, "next_state_transition": 31}}, {"model": "template.statetransition", "pk": 31, "fields": {"resulting_state": 34, "next_state_transition": null}}, {"model": "template.statetransition", "pk": 32, "fields": {"resulting_state": 4, "next_state_transition": null}}, {"model": "template.statetransition", "pk": 33, "fields": {"resulting_state": 3, "next_state_transition": null}}, {"model": "template.statetransition", "pk": 34, "fields": {"resulting_state": 2, "next_state_transition": null}}, {"model": "template.statetransition", "pk": 35, "fields": {"resulting_state": 38, "next_state_transition": null}}, {"model": "template.statetransition", "pk": 36, "fields": {"resulting_state": 37, "next_state_transition": null}}, {"model": "template.statetransition", "pk": 37, "fields": {"resulting_state": 36, "next_state_transition": null}}, {"model": "template.subcondition", "pk": 1, "fields": {"name": "Lyse", "upper_limit": 100000, "lower_limit": 1, "fulfilling_measures": {"actions": {"baaf316b-0565-4056-8d31-8c5595d24475": 1}, "materials": {}}}}, {"model": "template.subcondition", "pk": 2, "fields": {"name": "4 EK´s", "upper_limit": 100000, "lower_limit": 4, "fulfilling_measures": {"actions": {"b5f4c015-4152-459f-bdbb-defab91a3d99": 1}, "materials": {}}}}, {"model": "template.subcondition", "pk": 3, "fields": {"name": "0-1l Infusion", "upper_limit": 999, "lower_limit": 0, "fulfilling_measures": {"actions": {"2f1b5a58-57a8-4ba9-bb6d-69d2155cdf4d": 1000, "9ed9b301-d4f8-4e81-8e33-f26bbdc24104": 500}, "materials": {}}}}, {"model": "template.subcondition", "pk": 4, "fields": {"name": "1-2l Infusion", "upper_limit": 1999, "lower_limit": 1000, "fulfilling_measures": {"actions": {"2f1b5a58-57a8-4ba9-bb6d-69d2155cdf4d": 1000, "9ed9b301-d4f8-4e81-8e33-f26bbdc24104": 500}, "materials": {}}}}, {"model": "template.subcondition", "pk": 5, "fields": {"name": "2-3l Infusion", "upper_limit": 2999, "lower_limit": 2000, "fulfilling_measures": {"actions": {"2f1b5a58-57a8-4ba9-bb6d-69d2155cdf4d": 1000, "9ed9b301-d4f8-4e81-8e33-f26bbdc24104": 500}, "materials": {}}}}, {"model": "template.subcondition", "pk": 6, "fields": {"name": "3l-inf Infusion", "upper_limit": 100000, "lower_limit": 3000, "fulfilling_measures": {"actions": {"2f1b5a58-57a8-4ba9-bb6d-69d2155cdf4d": 1000, "9ed9b301-d4f8-4e81-8e33-f26bbdc24104": 500}, "materials": {}}}}, {"model": "template.subcondition", "pk": 7, "fields": {"name": "2l Infusion", "upper_limit": 100000, "lower_limit": 2000, "fulfilling_measures": {"actions": {"2f1b5a58-57a8-4ba9-bb6d-69d2155cdf4d": 1000, "9ed9b301-d4f8-4e81-8e33-f26bbdc24104": 500}, "materials": {}}}}, {"model": "template.subcondition", "pk": 8, "fields": {"name": "Thoraxdrainage/ Pleurapunktion", "upper_limit": 100000, "lower_limit": 1, "fulfilling_measures": {"actions": {"22b66af8-ace9-4652-a69c-be62425311cb": 1, "23da8633-a4a6-4af2-a0cb-4b34540033d4": 1}, "materials": {}}}}, {"model": "template.subcondition", "pk": 9, "fields": {"name": "Glucose", "upper_limit": 100000, "lower_limit": 1, "fulfilling_measures": {"actions": {"1d6b0f2e-7efb-4065-9d58-ff52320e3c7c": 1}, "materials": {}}}}, {"model": "template.subcondition", "pk": 10, "fields": {"name": "Nitrat", "upper_limit": 100000, "lower_limit": 1, "fulfilling_measures": {"actions": {"b3d54ebc-1459-4e8b-8c4e-98a3c68b1607": 1}, "materials": {}}}}, {"model": "template.subcondition", "pk": 11, "fields": {"name": "O2", "upper_limit": 100000, "lower_limit": 1, "fulfilling_measures": {"actions": {"72d6f3ad-b9a5-4b16-b289-815766b27c4f": 1, "7b4861b2-e775-4d2a-9cd5-26bab7cc76a0": 1}, "materials": {}}}}, {"model": "template.subcondition", "pk": 12, "fields": {"name": "OP läuft / ist gelaufen", "upper_limit": 100000, "lower_limit": 1, "fulfilling_measures": {"actions": {}, "materials": {}}}}, {"model": "template.subcondition", "pk": 13, "fields": {"name": "Analgesie", "upper_limit": 100000, "lower_limit": 1, "fulfilling_measures": {"actions": {"e23f9c72-32fc-4a3f-806a-3031943e145d": 1}, "materials": {}}}}, {"model": "template.subcondition", "pk": 14, "fields": {"name": "O2 Inhalation", "upper_limit": 100000, "lower_limit": 1, "fulfilling_measures": {"actions": {"72d6f3ad-b9a5-4b16-b289-815766b27c4f": 1, "7b4861b2-e775-4d2a-9cd5-26bab7cc76a0": 1}, "materials": {}}}}, {"model": "template.subcondition", "pk": 15, "fields": {"name": "CPAP", "upper_limit": 100000, "lower_limit": 1, "fulfilling_measures": {"actions": {"72d6f3ad-b9a5-4b16-b289-815766b27c4f": 1}, "materials": {}}}}, {"model": "template.subcondition", "pk": 16, "fields": {"name": "Antiasthmatikum", "upper_limit": 100000, "lower_limit": 1, "fulfilling_measures": {"actions": {"50014ee9-750a-4fb1-b8b1-50b4f05548c9": 1}, "materials": {}}}}, {"model": "template.subcondition", "pk": 17, "fields": {"name": "Sedativum", "upper_limit": 100000, "lower_limit": 1, "fulfilling_measures": {"actions": {"2aef024b-b013-490b-87d5-95d9fe10ed72": 1}, "materials": {}}}}, {"model": "template.subcondition", "pk": 18, "fields": {"name": "freie Atemwege", "upper_limit": 100000, "lower_limit": 1, "fulfilling_measures": {"actions": {"234d0237-ffa0-4e27-b269-99b39f6bfd9f": 1, "25fba4ad-b2fe-4761-87e7-5d5401ac359b": 1, "59edf7ba-7f05-4669-bed7-c17c9ffaccd0": 1, "8c3870ce-8cf6-47a7-add0-734fefaed093": 1, "9883a5c0-300f-4e71-ad7d-fc64d46274f0": 1, "aaf04c59-6c34-4a60-9d67-1a007f015c30": 1}, "materials": {}}}}, {"model": "template.subcondition", "pk": 19, "fields": {"name": "0-1 EK´s", "upper_limit": 1, "lower_limit": 0, "fulfilling_measures": {"actions": {"b5f4c015-4152-459f-bdbb-defab91a3d99": 1}, "materials": {}}}}, {"model": "template.subcondition", "pk": 20, "fields": {"name": "2-3 EK´s", "upper_limit": 3, "lower_limit": 2, "fulfilling_measures": {"actions": {"b5f4c015-4152-459f-bdbb-defab91a3d99": 1}, "materials": {}}}}, {"model": "template.subcondition", "pk": 21, "fields": {"name": "4-5 EK´s", "upper_limit": 5, "lower_limit": 4, "fulfilling_measures": {"actions": {"b5f4c015-4152-459f-bdbb-defab91a3d99": 1}, "materials": {}}}}, {"model": "template.subcondition", "pk": 22, "fields": {"name": "6-inf EK´s", "upper_limit": 100000, "lower_limit": 6, "fulfilling_measures": {"actions": {"b5f4c015-4152-459f-bdbb-defab91a3d99": 1}, "materials": {}}}}, {"model": "template.subcondition", "pk": 23, "fields": {"name": "Beatmet", "upper_limit": 100000, "lower_limit": 1, "fulfilling_measures": {"actions": {"72d6f3ad-b9a5-4b16-b289-815766b27c4f": 1}, "materials": {"0067d4f1-d53d-4ec5-9627-792687dc7510": 1, "2752e40f-4b86-43ab-9ebd-95c094a101ab": 1}}}}, {"model": "template.subcondition", "pk": 24, "fields": {"name": "Blutstillung", "upper_limit": 100000, "lower_limit": 1, "fulfilling_measures": {"actions": {"0f5fef5b-998c-4648-a93e-9a6e8ccad3b7": 1}, "materials": {}}}}, {"model": "template.subcondition", "pk": 25, "fields": {"name": "Regional-/ Vollnarkose", "upper_limit": 100000, "lower_limit": 1, "fulfilling_measures": {"actions": {"2de49d83-11be-410c-ac7a-68c458baf620": 1, "6b826d26-aa0a-4317-96f5-6565d7ee1e5f": 1, "d4971ae5-117b-49b8-b5c9-4e4220ff971c": 1}, "materials": {}}}}, {"model": "template.logicnode", "pk": 1, "fields": {"state_transition": 1, "node_type": "T", "subcondition": null, "parent": null}}, {"model": "template.logicnode", "pk": 2, "fields": {"state_transition": 2, "node_type": "N", "subcondition": null, "parent": 6}}, {"model": "template.logicnode", "pk": 3, "fields": {"state_transition": 2, "node_type": "S", "subcondition": 23, "parent": 2}}, {"model": "template.logicnode", "pk": 4, "fields": {"state_transition": 2, "node_type": "S", "subcondition": 11, "parent": 6}}, {"model": "template.logicnode", "pk": 5, "fields": {"state_transition": 2, "node_type": "S", "subcondition": 17, "parent": 6}}, {"model": "template.logicnode", "pk": 6, "fields": {"state_transition": 2, "node_type": "A", "subcondition": null, "parent": null}}, {"model": "template.logicnode", "pk": 7, "fields": {"state_transition": 3, "node_type": "N", "subcondition": null, "parent": 10}}, {"model": "template.logicnode", "pk": 8, "fields": {"state_transition": 3, "node_type": "S", "subcondition": 23, "parent": 7}}, {"model": "template.logicnode", "pk": 9, "fields": {"state_transition": 3, "node_type": "S", "subcondition": 11, "parent": 10}}, {"model": "template.logicnode", "pk": 10, "fields": {"state_transition": 3, "node_type": "A", "subcondition": null, "parent": null}}, {"model": "template.logicnode", "pk": 11, "fields": {"state_transition": 4, "node_type": "N", "subcondition": null, "parent": 14}}, {"model": "template.logicnode", "pk": 12, "fields": {"state_transition": 4, "node_type": "S", "subcondition": 23, "parent": 11}}, {"model": "template.logicnode", "pk": 13, "fields": {"state_transition": 4, "node_type": "S", "subcondition": 17, "parent": 14}}, {"model": "template.logicnode", "pk": 14, "fields": {"state_transition": 4, "node_type": "A", "subcondition": null, "parent": null}}, {"model": "template.logicnode", "pk": 15, "fields": {"state_transition": 5, "node_type": "N", "subcondition": null, "parent": null}}, {"model": "template.logicnode", "pk": 16, "fields": {"state_transition": 5, "node_type": "S", "subcondition": 23, "parent": 15}}, {"model": "template.logicnode", "pk": 17, "fields": {"state_transition": 6, "node_type": "S", "subcondition": 23, "parent": null}}, {"model": "template.logicnode", "pk": 18, "fields": {"state_transition": 7, "node_type": "N", "subcondition": null, "parent": 22}}, {"model": "template.logicnode", "pk": 19, "fields": {"state_transition": 7, "node_type": "S", "subcondition": 23, "parent": 18}}, {"model": "template.logicnode", "pk": 20, "fields": {"state_transition": 7, "node_type": "S", "subcondition": 11, "parent": 22}}, {"model": "template.logicnode", "pk": 21, "fields": {"state_transition": 7, "node_type": "S", "subcondition": 17, "parent": 22}}, {"model": "template.logicnode", "pk": 22, "fields": {"state_transition": 7, "node_type": "A", "subcondition": null, "parent": null}}, {"model": "template.logicnode", "pk": 23, "fields": {"state_transition": 8, "node_type": "N", "subcondition": null, "parent": 26}}, {"model": "template.logicnode", "pk": 24, "fields": {"state_transition": 8, "node_type": "S", "subcondition": 23, "parent": 23}}, {"model": "template.logicnode", "pk": 25, "fields": {"state_transition": 8, "node_type": "S", "subcondition": 11, "parent": 26}}, {"model": "template.logicnode", "pk": 26, "fields": {"state_transition": 8, "node_type": "A", "subcondition": null, "parent": null}}, {"model": "template.logicnode", "pk": 27, "fields": {"state_transition": 9, "node_type": "N", "subcondition": null, "parent": 30}}, {"model": "template.logicnode", "pk": 28, "fields": {"state_transition": 9, "node_type": "S", "subcondition": 23, "parent": 27}}, {"model": "template.logicnode", "pk": 29, "fields": {"state_transition": 9, "node_type": "S", "subcondition": 17, "parent": 30}}, {"model": "template.logicnode", "pk": 30, "fields": {"state_transition": 9, "node_type": "A", "subcondition": null, "parent": null}}, {"model": "template.logicnode", "pk": 31, "fields": {"state_transition": 10, "node_type": "N", "subcondition": null, "parent": null}}, {"model": "template.logicnode", "pk": 32, "fields": {"state_transition": 10, "node_type": "S", "subcondition": 23, "parent": 31}}, {"model": "template.logicnode", "pk": 33, "fields": {"state_transition": 11, "node_type": "S", "subcondition": 23, "parent": null}}, {"model": "template.logicnode", "pk": 34, "fields": {"state_transition": 12, "node_type": "N", "subcondition": null, "parent": 38}}, {"model": "template.logicnode", "pk": 35, "fields": {"state_transition": 12, "node_type": "S", "subcondition": 23, "parent": 34}}, {"model": "template.logicnode", "pk": 36, "fields": {"state_transition": 12, "node_type": "S", "subcondition": 11, "parent": 38}}, {"model": "template.logicnode", "pk": 37, "fields": {"state_transition": 12, "node_type": "S", "subcondition": 17, "parent": 38}}, {"model": "template.logicnode", "pk": 38, "fields": {"state_transition": 12, "node_type": "A", "subcondition": null, "parent": null}}, {"model": "template.logicnode", "pk": 39, "fields": {"state_transition": 13, "node_type": "N", "subcondition": null, "parent": 42}}, {"model": "template.logicnode", "pk": 40, "fields": {"state_transition": 13, "node_type": "S", "subcondition": 23, "parent": 39}}, {"model": "template.logicnode", "pk": 41, "fields": {"state_transition": 13, "node_type": "S", "subcondition": 11, "parent": 42}}, {"model": "template.logicnode", "pk": 42, "fields": {"state_transition": 13, "node_type": "A", "subcondition": null, "parent": null}}, {"model": "template.logicnode", "pk": 43, "fields": {"state_transition": 14, "node_type": "N", "subcondition": null, "parent": 46}}, {"model": "template.logicnode", "pk": 44, "fields": {"state_transition": 14, "node_type": "S", "subcondition": 23, "parent": 43}}, {"model": "template.logicnode", "pk": 45, "fields": {"state_transition": 14, "node_type": "S", "subcondition": 17, "parent": 46}}, {"model": "template.logicnode", "pk": 46, "fields": {"state_transition": 14, "node_type": "A", "subcondition": null, "parent": null}}, {"model": "template.logicnode", "pk": 47, "fields": {"state_transition": 15, "node_type": "N", "subcondition": null, "parent": null}}, {"model": "template.logicnode", "pk": 48, "fields": {"state_transition": 15, "node_type": "S", "subcondition": 23, "parent": 47}}, {"model": "template.logicnode", "pk": 49, "fields": {"state_transition": 16, "node_type": "S", "subcondition": 23, "parent": null}}, {"model": "template.logicnode", "pk": 50, "fields": {"state_transition": 17, "node_type": "N", "subcondition": null, "parent": 54}}, {"model": "template.logicnode", "pk": 51, "fields": {"state_transition": 17, "node_type": "S", "subcondition": 23, "parent": 50}}, {"model": "template.logicnode", "pk": 52, "fields": {"state_transition": 17, "node_type": "S", "subcondition": 11, "parent": 54}}, {"model": "template.logicnode", "pk": 53, "fields": {"state_transition": 17, "node_type": "S", "subcondition": 17, "parent": 54}}, {"model": "template.logicnode", "pk": 54, "fields": {"state_transition": 17, "node_type": "A", "subcondition": null, "parent": null}}, {"model": "template.logicnode", "pk": 55, "fields": {"state_transition": 18, "node_type": "N", "subcondition": null, "parent": 58}}, {"model": "template.logicnode", "pk": 56, "fields": {"state_transition": 18, "node_type": "S", "subcondition": 23, "parent": 55}}, {"model": "template.logicnode", "pk": 57, "fields": {"state_transition": 18, "node_type": "S", "subcondition": 11, "parent": 58}}, {"model": "template.logicnode", "pk": 58, "fields": {"state_transition": 18, "node_type": "A", "subcondition": null, "parent": null}}, {"model": "template.logicnode", "pk": 59, "fields": {"state_transition": 19, "node_type": "N", "subcondition": null, "parent": 62}}, {"model": "template.logicnode", "pk": 60, "fields": {"state_transition": 19, "node_type": "S", "subcondition": 23, "parent": 59}}, {"model": "template.logicnode", "pk": 61, "fields": {"state_transition": 19, "node_type": "S", "subcondition": 17, "parent": 62}}, {"model": "template.logicnode", "pk": 62, "fields": {"state_transition": 19, "node_type": "A", "subcondition": null, "parent": null}}, {"model": "template.logicnode", "pk": 63, "fields": {"state_transition": 20, "node_type": "N", "subcondition": null, "parent": null}}, {"model": "template.logicnode", "pk": 64, "fields": {"state_transition": 20, "node_type": "S", "subcondition": 23, "parent": 63}}, {"model": "template.logicnode", "pk": 65, "fields": {"state_transition": 21, "node_type": "S", "subcondition": 23, "parent": null}}, {"model": "template.logicnode", "pk": 66, "fields": {"state_transition": 22, "node_type": "N", "subcondition": null, "parent": 70}}, {"model": "template.logicnode", "pk": 67, "fields": {"state_transition": 22, "node_type": "S", "subcondition": 23, "parent": 66}}, {"model": "template.logicnode", "pk": 68, "fields": {"state_transition": 22, "node_type": "S", "subcondition": 11, "parent": 70}}, {"model": "template.logicnode", "pk": 69, "fields": {"state_transition": 22, "node_type": "S", "subcondition": 17, "parent": 70}}, {"model": "template.logicnode", "pk": 70, "fields": {"state_transition": 22, "node_type": "A", "subcondition": null, "parent": null}}, {"model": "template.logicnode", "pk": 71, "fields": {"state_transition": 23, "node_type": "N", "subcondition": null, "parent": 74}}, {"model": "template.logicnode", "pk": 72, "fields": {"state_transition": 23, "node_type": "S", "subcondition": 23, "parent": 71}}, {"model": "template.logicnode", "pk": 73, "fields": {"state_transition": 23, "node_type": "S", "subcondition": 11, "parent": 74}}, {"model": "template.logicnode", "pk": 74, "fields": {"state_transition": 23, "node_type": "A", "subcondition": null, "parent": null}}, {"model": "template.logicnode", "pk": 75, "fields": {"state_transition": 24, "node_type": "N", "subcondition": null, "parent": 78}}, {"model": "template.logicnode", "pk": 76, "fields": {"state_transition": 24, "node_type": "S", "subcondition": 23, "parent": 75}}, {"model": "template.logicnode", "pk": 77, "fields": {"state_transition": 24, "node_type": "S", "subcondition": 17, "parent": 78}}, {"model": "template.logicnode", "pk": 78, "fields": {"state_transition": 24, "node_type": "A", "subcondition": null, "parent": null}}, {"model": "template.logicnode", "pk": 79, "fields": {"state_transition": 25, "node_type": "N", "subcondition": null, "parent": null}}, {"model": "template.logicnode", "pk": 80, "fields": {"state_transition": 25, "node_type": "S", "subcondition": 23, "parent": 79}}, {"model": "template.logicnode", "pk": 81, "fields": {"state_transition": 26, "node_type": "S", "subcondition": 23, "parent": null}}, {"model": "template.logicnode", "pk": 82, "fields": {"state_transition": 27, "node_type": "N", "subcondition": null, "parent": 86}}, {"model": "template.logicnode", "pk": 83, "fields": {"state_transition": 27, "node_type": "S", "subcondition": 23, "parent": 82}}, {"model": "template.logicnode", "pk": 84, "fields": {"state_transition": 27, "node_type": "S", "subcondition": 11, "parent": 86}}, {"model": "template.logicnode", "pk": 85, "fields": {"state_transition": 27, "node_type": "S", "subcondition": 17, "parent": 86}}, {"model": "template.logicnode", "pk": 86, "fields": {"state_transition": 27, "node_type": "A", "subcondition": null, "parent": null}}, {"model": "template.logicnode", "pk": 87, "fields": {"state_transition": 28, "node_type": "N", "subcondition": null, "parent": 90}}, {"model": "template.logicnode", "pk": 88, "fields": {"state_transition": 28, "node_type": "S", "subcondition": 23, "parent": 87}}, {"model": "template.logicnode", "pk": 89, "fields": {"state_transition": 28, "node_type": "S", "subcondition": 11, "parent": 90}}, {"model": "template.logicnode", "pk": 90, "fields": {"state_transition": 28, "node_type": "A", "subcondition": null, "parent": null}}, {"model": "template.logicnode", "pk": 91, "fields": {"state_transition": 29, "node_type": "N", "subcondition": null, "parent": 94}}, {"model": "template.logicnode", "pk": 92, "fields": {"state_transition": 29, "node_type": "S", "subcondition": 23, "parent": 91}}, {"model": "template.logicnode", "pk": 93, "fields": {"state_transition": 29, "node_type": "S", "subcondition": 17, "parent": 94}}, {"model": "template.logicnode", "pk": 94, "fields": {"state_transition": 29, "node_type": "A", "subcondition": null, "parent": null}}, {"model": "template.logicnode", "pk": 95, "fields": {"state_transition": 30, "node_type": "N", "subcondition": null, "parent": null}}, {"model": "template.logicnode", "pk": 96, "fields": {"state_transition": 30, "node_type": "S", "subcondition": 23, "parent": 95}}, {"model": "template.logicnode", "pk": 97, "fields": {"state_transition": 31, "node_type": "S", "subcondition": 23, "parent": null}}, {"model": "template.logicnode", "pk": 98, "fields": {"state_transition": 32, "node_type": "T", "subcondition": null, "parent": null}}, {"model": "template.logicnode", "pk": 99, "fields": {"state_transition": 33, "node_type": "T", "subcondition": null, "parent": null}}, {"model": "template.logicnode", "pk": 100, "fields": {"state_transition": 34, "node_type": "T", "subcondition": null, "parent": null}}, {"model": "template.logicnode", "pk": 101, "fields": {"state_transition": 35, "node_type": "T", "subcondition": null, "parent": null}}, {"model": "template.logicnode", "pk": 102, "fields": {"state_transition": 36, "node_type": "T", "subcondition": null, "parent": null}}, {"model": "template.logicnode", "pk": 103, "fields": {"state_transition": 37, "node_type": "T", "subcondition": null, "parent": null}}]